Cacheblock,op_pair_count,temperature
131f2c0,2,Cold (1-2 pairs)
131f300,1,Cold (1-2 pairs)
131f440,1,Cold (1-2 pairs)
1321680,1,Cold (1-2 pairs)
13216c0,1,Cold (1-2 pairs)
132bd40,1,Cold (1-2 pairs)
132bd80,1,Cold (1-2 pairs)
1334ec0,1,Cold (1-2 pairs)
1334f00,1,Cold (1-2 pairs)
133b2c0,1,Cold (1-2 pairs)
133b4c0,1,Cold (1-2 pairs)
133b540,4,Warm (3-10 pairs)
133c500,1,Cold (1-2 pairs)
133ca80,1,Cold (1-2 pairs)
133e440,1,Cold (1-2 pairs)
1342e40,4,Warm (3-10 pairs)
1345840,1,Cold (1-2 pairs)
1345a80,1,Cold (1-2 pairs)
1345e40,1,Cold (1-2 pairs)
1346f00,2,Cold (1-2 pairs)
1346f40,1,Cold (1-2 pairs)
1346f80,2,Cold (1-2 pairs)
1355300,8,Warm (3-10 pairs)
1355d40,1,Cold (1-2 pairs)
1355d80,1,Cold (1-2 pairs)
1356040,1,Cold (1-2 pairs)
1356240,1,Cold (1-2 pairs)
1356a00,2,Cold (1-2 pairs)
1356a40,2,Cold (1-2 pairs)
135cfc0,6,Warm (3-10 pairs)
135d140,15,Hot (11+ pairs)
135d440,1,Cold (1-2 pairs)
135d500,1,Cold (1-2 pairs)
135d7c0,1,Cold (1-2 pairs)
135d800,1,Cold (1-2 pairs)
135d900,5,Warm (3-10 pairs)
135db80,1,Cold (1-2 pairs)
1361a00,5,Warm (3-10 pairs)
1361a40,2,Cold (1-2 pairs)
1361b00,20,Hot (11+ pairs)
1361c40,5,Warm (3-10 pairs)
1362000,1,Cold (1-2 pairs)
1362100,24,Hot (11+ pairs)
1362140,3,Warm (3-10 pairs)
13621c0,2,Cold (1-2 pairs)
1362200,2,Cold (1-2 pairs)
1362280,6,Warm (3-10 pairs)
1362340,27,Hot (11+ pairs)
1362380,1,Cold (1-2 pairs)
1362bc0,1,Cold (1-2 pairs)
1363300,1,Cold (1-2 pairs)
13637c0,2,Cold (1-2 pairs)
1376480,1,Cold (1-2 pairs)
13764c0,3,Warm (3-10 pairs)
1377440,1,Cold (1-2 pairs)
137cbc0,1,Cold (1-2 pairs)
137ccc0,1,Cold (1-2 pairs)
137cd00,1,Cold (1-2 pairs)
137f440,1,Cold (1-2 pairs)
137f500,2,Cold (1-2 pairs)
137f540,6,Warm (3-10 pairs)
137f580,1,Cold (1-2 pairs)
137f6c0,3,Warm (3-10 pairs)
137f780,1,Cold (1-2 pairs)
1386e40,1,Cold (1-2 pairs)
138e300,1,Cold (1-2 pairs)
1390d00,1,Cold (1-2 pairs)
1396e00,1,Cold (1-2 pairs)
1396e40,1,Cold (1-2 pairs)
1397000,1,Cold (1-2 pairs)
1398bc0,1,Cold (1-2 pairs)
1398c00,1,Cold (1-2 pairs)
1398c40,1,Cold (1-2 pairs)
1399680,1,Cold (1-2 pairs)
139db40,1,Cold (1-2 pairs)
139db80,3,Warm (3-10 pairs)
139e240,48,Hot (11+ pairs)
139e280,30,Hot (11+ pairs)
139e2c0,8,Warm (3-10 pairs)
139e380,4,Warm (3-10 pairs)
139e3c0,2,Cold (1-2 pairs)
139e680,3,Warm (3-10 pairs)
139e6c0,2,Cold (1-2 pairs)
139ea80,1,Cold (1-2 pairs)
13a4f00,1,Cold (1-2 pairs)
13b2cc0,1,Cold (1-2 pairs)
13b3280,1,Cold (1-2 pairs)
13c0340,1,Cold (1-2 pairs)
13c05c0,1,Cold (1-2 pairs)
13c0680,4,Warm (3-10 pairs)
13c4400,1,Cold (1-2 pairs)
13c4440,1,Cold (1-2 pairs)
13c4480,1,Cold (1-2 pairs)
13c44c0,1,Cold (1-2 pairs)
13c4500,1,Cold (1-2 pairs)
13c4540,1,Cold (1-2 pairs)
13c4580,1,Cold (1-2 pairs)
13c45c0,1,Cold (1-2 pairs)
13c4600,1,Cold (1-2 pairs)
13c4680,1,Cold (1-2 pairs)
13c6740,2,Cold (1-2 pairs)
13c7f40,2,Cold (1-2 pairs)
13c9bc0,1,Cold (1-2 pairs)
13c9e00,9,Warm (3-10 pairs)
13c9f00,6,Warm (3-10 pairs)
13cbc40,2,Cold (1-2 pairs)
13cbdc0,2,Cold (1-2 pairs)
13cbe00,2,Cold (1-2 pairs)
13cbe40,2,Cold (1-2 pairs)
13cebc0,1,Cold (1-2 pairs)
13cec00,2,Cold (1-2 pairs)
13cfe40,1,Cold (1-2 pairs)
13cfec0,1,Cold (1-2 pairs)
13cff40,1,Cold (1-2 pairs)
13d0140,1,Cold (1-2 pairs)
13d78c0,1,Cold (1-2 pairs)
13d7900,1,Cold (1-2 pairs)
13d8680,1,Cold (1-2 pairs)
13d8980,2,Cold (1-2 pairs)
13d9700,1,Cold (1-2 pairs)
13da9c0,2,Cold (1-2 pairs)
13dfdc0,1,Cold (1-2 pairs)
13e2940,1,Cold (1-2 pairs)
13e2980,1,Cold (1-2 pairs)
13e29c0,1,Cold (1-2 pairs)
13e2c40,1,Cold (1-2 pairs)
13e3cc0,1,Cold (1-2 pairs)
13e3d00,1,Cold (1-2 pairs)
13e8200,1,Cold (1-2 pairs)
13e8d80,2,Cold (1-2 pairs)
13ede00,1,Cold (1-2 pairs)
13efc00,1,Cold (1-2 pairs)
13efc40,2,Cold (1-2 pairs)
13f0280,3,Warm (3-10 pairs)
13f0740,4,Warm (3-10 pairs)
13f0800,1,Cold (1-2 pairs)
13f08c0,2,Cold (1-2 pairs)
13f0c00,3,Warm (3-10 pairs)
13f0c40,1,Cold (1-2 pairs)
13f0d80,1,Cold (1-2 pairs)
13f0e80,1,Cold (1-2 pairs)
13f0ec0,1,Cold (1-2 pairs)
13f1780,1,Cold (1-2 pairs)
13f17c0,2,Cold (1-2 pairs)
13f1800,1,Cold (1-2 pairs)
13f1a80,3,Warm (3-10 pairs)
13f3d40,1,Cold (1-2 pairs)
13f4280,1,Cold (1-2 pairs)
13f64c0,4,Warm (3-10 pairs)
13f6580,1,Cold (1-2 pairs)
13f7c40,2,Cold (1-2 pairs)
13f86c0,1,Cold (1-2 pairs)
13f8700,1,Cold (1-2 pairs)
13f89c0,1,Cold (1-2 pairs)
13f8a40,1,Cold (1-2 pairs)
13f8ac0,1,Cold (1-2 pairs)
13f8b00,1,Cold (1-2 pairs)
13f8b80,1,Cold (1-2 pairs)
13f8c40,2,Cold (1-2 pairs)
13fe180,1,Cold (1-2 pairs)
14043c0,2,Cold (1-2 pairs)
1404b80,2,Cold (1-2 pairs)
1405f00,1,Cold (1-2 pairs)
1405f40,2,Cold (1-2 pairs)
1405f80,1,Cold (1-2 pairs)
1405fc0,1,Cold (1-2 pairs)
1406000,1,Cold (1-2 pairs)
1406040,1,Cold (1-2 pairs)
1406100,1,Cold (1-2 pairs)
1406140,1,Cold (1-2 pairs)
14061c0,1,Cold (1-2 pairs)
1406200,1,Cold (1-2 pairs)
1406280,1,Cold (1-2 pairs)
14062c0,1,Cold (1-2 pairs)
1406380,1,Cold (1-2 pairs)
1406400,1,Cold (1-2 pairs)
1406740,1,Cold (1-2 pairs)
1406b00,1,Cold (1-2 pairs)
1406b40,1,Cold (1-2 pairs)
1406b80,1,Cold (1-2 pairs)
1406f80,1,Cold (1-2 pairs)
1407240,1,Cold (1-2 pairs)
1407280,1,Cold (1-2 pairs)
1407800,1,Cold (1-2 pairs)
1407840,1,Cold (1-2 pairs)
1407b80,1,Cold (1-2 pairs)
1407f00,1,Cold (1-2 pairs)
1407f40,1,Cold (1-2 pairs)
1408800,1,Cold (1-2 pairs)
1408840,1,Cold (1-2 pairs)
1408900,1,Cold (1-2 pairs)
1408c80,2,Cold (1-2 pairs)
1408d00,4,Warm (3-10 pairs)
1409c40,1,Cold (1-2 pairs)
1409c80,1,Cold (1-2 pairs)
1409cc0,2,Cold (1-2 pairs)
1409d80,1,Cold (1-2 pairs)
1409dc0,12,Hot (11+ pairs)
1409e00,29,Hot (11+ pairs)
1409e40,10,Warm (3-10 pairs)
1409e80,1,Cold (1-2 pairs)
1409f40,3,Warm (3-10 pairs)
1409f80,1,Cold (1-2 pairs)
1409fc0,9,Warm (3-10 pairs)
140a000,3,Warm (3-10 pairs)
140a100,3,Warm (3-10 pairs)
141ec00,1,Cold (1-2 pairs)
141f000,1,Cold (1-2 pairs)
141f300,1,Cold (1-2 pairs)
143c600,2,Cold (1-2 pairs)
143c640,2,Cold (1-2 pairs)
143c700,1,Cold (1-2 pairs)
14404c0,2,Cold (1-2 pairs)
1440c40,1,Cold (1-2 pairs)
1440c80,1,Cold (1-2 pairs)
1444800,1,Cold (1-2 pairs)
1444900,1,Cold (1-2 pairs)
1444980,1,Cold (1-2 pairs)
1445f00,4,Warm (3-10 pairs)
1445fc0,1,Cold (1-2 pairs)
1446480,1,Cold (1-2 pairs)
1446880,1,Cold (1-2 pairs)
14468c0,1,Cold (1-2 pairs)
1447c80,3,Warm (3-10 pairs)
1447d00,6,Warm (3-10 pairs)
1449140,1,Cold (1-2 pairs)
1449680,1,Cold (1-2 pairs)
144ae00,2,Cold (1-2 pairs)
1456a40,1,Cold (1-2 pairs)
1456a80,2,Cold (1-2 pairs)
1456c40,4,Warm (3-10 pairs)
1456d40,2,Cold (1-2 pairs)
1466940,1,Cold (1-2 pairs)
1468480,1,Cold (1-2 pairs)
1469580,1,Cold (1-2 pairs)
14697c0,1,Cold (1-2 pairs)
1469980,1,Cold (1-2 pairs)
146af00,1,Cold (1-2 pairs)
19e9f40,1,Cold (1-2 pairs)
19f17c0,1,Cold (1-2 pairs)
19f1c40,2,Cold (1-2 pairs)
19f4840,4,Warm (3-10 pairs)
19f9f00,1,Cold (1-2 pairs)
1a01dc0,1,Cold (1-2 pairs)
1a05200,1,Cold (1-2 pairs)
1a05240,1,Cold (1-2 pairs)
1a05280,1,Cold (1-2 pairs)
1a052c0,1,Cold (1-2 pairs)
1a05300,1,Cold (1-2 pairs)
1a05340,1,Cold (1-2 pairs)
1a05380,1,Cold (1-2 pairs)
1a053c0,1,Cold (1-2 pairs)
1a05400,1,Cold (1-2 pairs)
1a05440,1,Cold (1-2 pairs)
1a054c0,1,Cold (1-2 pairs)
1a05500,1,Cold (1-2 pairs)
1a05540,1,Cold (1-2 pairs)
1a05580,1,Cold (1-2 pairs)
1a055c0,1,Cold (1-2 pairs)
1a05600,1,Cold (1-2 pairs)
1a05640,1,Cold (1-2 pairs)
1a05680,1,Cold (1-2 pairs)
1a056c0,1,Cold (1-2 pairs)
1a05700,1,Cold (1-2 pairs)
1a05740,1,Cold (1-2 pairs)
1a05780,1,Cold (1-2 pairs)
1a057c0,6,Warm (3-10 pairs)
1a05940,1,Cold (1-2 pairs)
1a05980,1,Cold (1-2 pairs)
1a0aac0,1,Cold (1-2 pairs)
1a0acc0,1,Cold (1-2 pairs)
1a0b000,1,Cold (1-2 pairs)
1a0b740,4,Warm (3-10 pairs)
1a0dc80,1,Cold (1-2 pairs)
1a0dcc0,2,Cold (1-2 pairs)
1a0dec0,1,Cold (1-2 pairs)
1a0e040,1,Cold (1-2 pairs)
1a0e480,1,Cold (1-2 pairs)
1a0e6c0,1,Cold (1-2 pairs)
1a0e840,1,Cold (1-2 pairs)
1a0ec40,1,Cold (1-2 pairs)
1a0ee00,1,Cold (1-2 pairs)
1a0f200,3,Warm (3-10 pairs)
1a0f5c0,6,Warm (3-10 pairs)
1a0fa40,1,Cold (1-2 pairs)
1a0ff40,1,Cold (1-2 pairs)
1a10140,3,Warm (3-10 pairs)
1a11940,1,Cold (1-2 pairs)
1a11bc0,1,Cold (1-2 pairs)
1a11c80,4,Warm (3-10 pairs)
1a11cc0,1,Cold (1-2 pairs)
1a125c0,2,Cold (1-2 pairs)
1a12840,1,Cold (1-2 pairs)
1a13980,1,Cold (1-2 pairs)
1a15480,1,Cold (1-2 pairs)
1a160c0,2,Cold (1-2 pairs)
1a16100,1,Cold (1-2 pairs)
1a17a80,2,Cold (1-2 pairs)
1a17e80,1,Cold (1-2 pairs)
1a17f00,2,Cold (1-2 pairs)
1a18040,1,Cold (1-2 pairs)
1a18440,4,Warm (3-10 pairs)
1a1b200,1,Cold (1-2 pairs)
1a1b380,1,Cold (1-2 pairs)
1a1b400,2,Cold (1-2 pairs)
1a1b440,3,Warm (3-10 pairs)
1a1c080,2,Cold (1-2 pairs)
1a1e540,2,Cold (1-2 pairs)
1a1e640,1,Cold (1-2 pairs)
1a1e980,1,Cold (1-2 pairs)
1a1e9c0,8,Warm (3-10 pairs)
1a25e80,1,Cold (1-2 pairs)
1a26a00,5,Warm (3-10 pairs)
1a26c00,1,Cold (1-2 pairs)
1a29a80,1,Cold (1-2 pairs)
1a2bc80,1,Cold (1-2 pairs)
1a2dec0,2,Cold (1-2 pairs)
1a30e40,1,Cold (1-2 pairs)
1a31e80,1,Cold (1-2 pairs)
1a34b80,1,Cold (1-2 pairs)
1a35dc0,1,Cold (1-2 pairs)
1a37800,2,Cold (1-2 pairs)
1a37e00,4,Warm (3-10 pairs)
1a38500,2,Cold (1-2 pairs)
1a38540,1,Cold (1-2 pairs)
1a3a000,1,Cold (1-2 pairs)
1a3a200,6,Warm (3-10 pairs)
1a3a480,1,Cold (1-2 pairs)
1a3b400,1,Cold (1-2 pairs)
1a3b7c0,1,Cold (1-2 pairs)
1a3bb40,1,Cold (1-2 pairs)
1a3bc80,1,Cold (1-2 pairs)
1a3bcc0,1,Cold (1-2 pairs)
1a3cac0,1,Cold (1-2 pairs)
1a3cec0,4,Warm (3-10 pairs)
1a3cf00,10,Warm (3-10 pairs)
1a3d400,1,Cold (1-2 pairs)
1a3f140,3,Warm (3-10 pairs)
1a3f980,2,Cold (1-2 pairs)
1a40240,2,Cold (1-2 pairs)
1a407c0,1,Cold (1-2 pairs)
1a40980,1,Cold (1-2 pairs)
1a41600,5,Warm (3-10 pairs)
1a41640,6,Warm (3-10 pairs)
1a55a80,20,Hot (11+ pairs)
1a55ac0,26,Hot (11+ pairs)
1a55b00,20,Hot (11+ pairs)
1a55b40,33,Hot (11+ pairs)
1a56bc0,12,Hot (11+ pairs)
1a57740,1,Cold (1-2 pairs)
1a631c0,1,Cold (1-2 pairs)
1a63300,5,Warm (3-10 pairs)
1a63400,10,Warm (3-10 pairs)
1a63440,3,Warm (3-10 pairs)
1a82200,1,Cold (1-2 pairs)
1a83e80,1,Cold (1-2 pairs)
1a83ec0,1,Cold (1-2 pairs)
1a83f00,6,Warm (3-10 pairs)
1a84480,4,Warm (3-10 pairs)
1c6e240,1,Cold (1-2 pairs)
1c6e280,1,Cold (1-2 pairs)
1c6e2c0,1,Cold (1-2 pairs)
1c6e300,1,Cold (1-2 pairs)
1c6e340,1,Cold (1-2 pairs)
1c6e380,1,Cold (1-2 pairs)
1c6e540,2,Cold (1-2 pairs)
1c70d80,4,Warm (3-10 pairs)
1c70e80,6,Warm (3-10 pairs)
1c70f00,1,Cold (1-2 pairs)
1c70f40,5,Warm (3-10 pairs)
1c70fc0,5,Warm (3-10 pairs)
1c71000,3,Warm (3-10 pairs)
1c71040,1,Cold (1-2 pairs)
1c71100,1,Cold (1-2 pairs)
1c71200,1,Cold (1-2 pairs)
1c712c0,3,Warm (3-10 pairs)
1c71300,1,Cold (1-2 pairs)
1c71380,2,Cold (1-2 pairs)
1c71400,1,Cold (1-2 pairs)
1c71440,1,Cold (1-2 pairs)
1c71480,1,Cold (1-2 pairs)
1c71580,1,Cold (1-2 pairs)
1c71600,2,Cold (1-2 pairs)
1c71680,1,Cold (1-2 pairs)
1c71700,1,Cold (1-2 pairs)
1c71740,1,Cold (1-2 pairs)
1c717c0,1,Cold (1-2 pairs)
1c71880,4,Warm (3-10 pairs)
1c718c0,1,Cold (1-2 pairs)
1c71980,2,Cold (1-2 pairs)
1c71a40,2,Cold (1-2 pairs)
1c71b40,1,Cold (1-2 pairs)
1c71c40,3,Warm (3-10 pairs)
1c71c80,1,Cold (1-2 pairs)
1c71d40,1,Cold (1-2 pairs)
1c71d80,2,Cold (1-2 pairs)
1c71dc0,1,Cold (1-2 pairs)
1c71f80,4,Warm (3-10 pairs)
1c71fc0,4,Warm (3-10 pairs)
1c72000,3,Warm (3-10 pairs)
1c72040,1,Cold (1-2 pairs)
1c72080,19,Hot (11+ pairs)
1c72140,2,Cold (1-2 pairs)
1c72180,1,Cold (1-2 pairs)
1c721c0,4,Warm (3-10 pairs)
1c72240,5,Warm (3-10 pairs)
1c72280,1,Cold (1-2 pairs)
1c722c0,3,Warm (3-10 pairs)
1c734c0,2,Cold (1-2 pairs)
1c73800,5,Warm (3-10 pairs)
1c73840,1,Cold (1-2 pairs)
1c73980,5,Warm (3-10 pairs)
1c739c0,13,Hot (11+ pairs)
1c73a00,3,Warm (3-10 pairs)
1c73a40,1,Cold (1-2 pairs)
1c73a80,4,Warm (3-10 pairs)
1c73b00,2,Cold (1-2 pairs)
1c77640,8,Warm (3-10 pairs)
1c77680,1,Cold (1-2 pairs)
1c784c0,1,Cold (1-2 pairs)
1c78880,31,Hot (11+ pairs)
1c78c40,1,Cold (1-2 pairs)
1c78e40,4,Warm (3-10 pairs)
1c79380,7,Warm (3-10 pairs)
1c79440,244,Super Hot (top 1%)
1c79540,1,Cold (1-2 pairs)
1c79580,3,Warm (3-10 pairs)
1c79600,15,Hot (11+ pairs)
1c79640,76,Hot (11+ pairs)
1c79700,2,Cold (1-2 pairs)
1c79940,1,Cold (1-2 pairs)
1c79980,1,Cold (1-2 pairs)
1c799c0,2,Cold (1-2 pairs)
1c79a00,1,Cold (1-2 pairs)
1c79a40,7,Warm (3-10 pairs)
1c79ac0,1,Cold (1-2 pairs)
1c79b80,1,Cold (1-2 pairs)
1c79c40,6,Warm (3-10 pairs)
1c79cc0,1,Cold (1-2 pairs)
1c7c780,2,Cold (1-2 pairs)
1c7c7c0,6,Warm (3-10 pairs)
1c7c800,13,Hot (11+ pairs)
1c7c980,1,Cold (1-2 pairs)
1c7c9c0,1,Cold (1-2 pairs)
1c7ca40,29,Hot (11+ pairs)
1c7ca80,7,Warm (3-10 pairs)
1c7cac0,3,Warm (3-10 pairs)
1c7cbc0,4,Warm (3-10 pairs)
1c7cc00,5,Warm (3-10 pairs)
1c7cd80,4,Warm (3-10 pairs)
1c7cdc0,234,Super Hot (top 1%)
1c7ce00,3,Warm (3-10 pairs)
1c7ce40,1,Cold (1-2 pairs)
1c7cf40,1,Cold (1-2 pairs)
1c7cfc0,10,Warm (3-10 pairs)
1c7d000,4,Warm (3-10 pairs)
1c7d180,1,Cold (1-2 pairs)
1c7d240,13,Hot (11+ pairs)
1c7d280,11,Hot (11+ pairs)
1c7d2c0,8,Warm (3-10 pairs)
1c7d300,133,Super Hot (top 1%)
1c7d340,71,Hot (11+ pairs)
1c7d380,35,Hot (11+ pairs)
1c7d3c0,25,Hot (11+ pairs)
1c7d400,34,Hot (11+ pairs)
1c7d440,19,Hot (11+ pairs)
1c7d480,14,Hot (11+ pairs)
1c7d4c0,11,Hot (11+ pairs)
1c7d500,15,Hot (11+ pairs)
1c7d540,4,Warm (3-10 pairs)
1c7d5c0,2,Cold (1-2 pairs)
1c7d600,10,Warm (3-10 pairs)
1c7d640,12,Hot (11+ pairs)
1c7d6c0,1,Cold (1-2 pairs)
1c7d740,28,Hot (11+ pairs)
1c7d780,12,Hot (11+ pairs)
1c7d7c0,11,Hot (11+ pairs)
1c7d800,9,Warm (3-10 pairs)
1c7d840,10,Warm (3-10 pairs)
1c7d880,65,Hot (11+ pairs)
1c7d8c0,6,Warm (3-10 pairs)
1c7d940,9,Warm (3-10 pairs)
1c7d980,5,Warm (3-10 pairs)
1c7da00,4,Warm (3-10 pairs)
1c7da40,3,Warm (3-10 pairs)
1c7da80,5,Warm (3-10 pairs)
1c7dac0,6,Warm (3-10 pairs)
1c7db00,67,Hot (11+ pairs)
1c7db40,13,Hot (11+ pairs)
1c7db80,7,Warm (3-10 pairs)
1c7dbc0,8,Warm (3-10 pairs)
1c7dc00,1,Cold (1-2 pairs)
1c7dc40,1,Cold (1-2 pairs)
1c7dc80,1,Cold (1-2 pairs)
1c7dcc0,4,Warm (3-10 pairs)
1c7dd40,60,Hot (11+ pairs)
1c7dd80,4,Warm (3-10 pairs)
1c7ddc0,10,Warm (3-10 pairs)
1c7de00,4,Warm (3-10 pairs)
1c7dec0,491,Super Hot (top 1%)
1c7df00,27,Hot (11+ pairs)
1c7df40,11,Hot (11+ pairs)
1c7df80,13,Hot (11+ pairs)
1c7dfc0,58,Hot (11+ pairs)
1c7e000,19,Hot (11+ pairs)
1c7e040,14,Hot (11+ pairs)
1c7e080,22,Hot (11+ pairs)
1c7e0c0,761,Super Hot (top 1%)
1c7e100,12,Hot (11+ pairs)
1c7e140,5,Warm (3-10 pairs)
1c7e180,25,Hot (11+ pairs)
1c7e1c0,36,Hot (11+ pairs)
1c7e200,11,Hot (11+ pairs)
1c7e240,43,Hot (11+ pairs)
1c7e280,32,Hot (11+ pairs)
1c7e2c0,11,Hot (11+ pairs)
1c7e300,6,Warm (3-10 pairs)
1c7e340,2,Cold (1-2 pairs)
1c7e380,3,Warm (3-10 pairs)
1c7e3c0,3,Warm (3-10 pairs)
1c7e400,2,Cold (1-2 pairs)
1c7e440,1,Cold (1-2 pairs)
1c7e480,3,Warm (3-10 pairs)
1c7e980,5,Warm (3-10 pairs)
1c7e9c0,4,Warm (3-10 pairs)
1c7ea00,5,Warm (3-10 pairs)
1c7eb80,3,Warm (3-10 pairs)
1c7ebc0,1,Cold (1-2 pairs)
1c7ed80,1,Cold (1-2 pairs)
1c7f080,1,Cold (1-2 pairs)
1c7f0c0,10,Warm (3-10 pairs)
1c7f100,11,Hot (11+ pairs)
1c7f140,13,Hot (11+ pairs)
1c7fbc0,2,Cold (1-2 pairs)
1c7fc40,1,Cold (1-2 pairs)
1c7fc80,4,Warm (3-10 pairs)
1c7fe40,5,Warm (3-10 pairs)
1c7fe80,2,Cold (1-2 pairs)
1c7ff00,1,Cold (1-2 pairs)
1c80040,1,Cold (1-2 pairs)
1c80080,1,Cold (1-2 pairs)
1c800c0,1,Cold (1-2 pairs)
1c80140,2,Cold (1-2 pairs)
1c80340,1,Cold (1-2 pairs)
1c80840,1,Cold (1-2 pairs)
1c80bc0,1,Cold (1-2 pairs)
1c810c0,1,Cold (1-2 pairs)
1c81440,1,Cold (1-2 pairs)
1c83940,1,Cold (1-2 pairs)
1c83c00,1,Cold (1-2 pairs)
1c87c00,2,Cold (1-2 pairs)
1c88680,21,Hot (11+ pairs)
1c88d00,3,Warm (3-10 pairs)
1c88d80,1,Cold (1-2 pairs)
1c89080,5,Warm (3-10 pairs)
1c892c0,3,Warm (3-10 pairs)
1c89300,2,Cold (1-2 pairs)
1c89340,1,Cold (1-2 pairs)
1c89380,1,Cold (1-2 pairs)
1c893c0,1,Cold (1-2 pairs)
1c89400,2,Cold (1-2 pairs)
1c89480,2,Cold (1-2 pairs)
1c894c0,1,Cold (1-2 pairs)
1c89500,1,Cold (1-2 pairs)
1c89580,16,Hot (11+ pairs)
1c895c0,13,Hot (11+ pairs)
1c89640,2,Cold (1-2 pairs)
1c89680,2,Cold (1-2 pairs)
1c89740,1,Cold (1-2 pairs)
1c897c0,1,Cold (1-2 pairs)
1c899c0,1,Cold (1-2 pairs)
1c89b00,1,Cold (1-2 pairs)
1c8a040,1,Cold (1-2 pairs)
1c8a180,1,Cold (1-2 pairs)
1c8a540,3,Warm (3-10 pairs)
1caa640,2,Cold (1-2 pairs)
1cc4ac0,13,Hot (11+ pairs)
1cc5200,1,Cold (1-2 pairs)
1cc5240,4,Warm (3-10 pairs)
1d27980,1,Cold (1-2 pairs)
1d279c0,5,Warm (3-10 pairs)
1d27a00,3,Warm (3-10 pairs)
1d78ac0,4,Warm (3-10 pairs)
1d78d40,2,Cold (1-2 pairs)
1d78d80,3,Warm (3-10 pairs)
1d78dc0,3,Warm (3-10 pairs)
1d79480,1,Cold (1-2 pairs)
1d7acc0,2,Cold (1-2 pairs)
1d7ae40,1,Cold (1-2 pairs)
1d7f300,15,Hot (11+ pairs)
1d7f340,5,Warm (3-10 pairs)
1d7f380,8,Warm (3-10 pairs)
1d7f3c0,1,Cold (1-2 pairs)
1d7f400,2,Cold (1-2 pairs)
1d7f440,3,Warm (3-10 pairs)
1d7f580,1,Cold (1-2 pairs)
1d7f6c0,24,Hot (11+ pairs)
1d7f740,2,Cold (1-2 pairs)
1d7f780,3,Warm (3-10 pairs)
1d7f840,1,Cold (1-2 pairs)
1d7f880,2,Cold (1-2 pairs)
1d7f8c0,2,Cold (1-2 pairs)
1d7fc80,2,Cold (1-2 pairs)
1d7fd00,1,Cold (1-2 pairs)
1d80740,1,Cold (1-2 pairs)
1d82340,1,Cold (1-2 pairs)
1d82380,1,Cold (1-2 pairs)
1d825c0,2,Cold (1-2 pairs)
1d82640,2,Cold (1-2 pairs)
1d82680,1,Cold (1-2 pairs)
1d828c0,2,Cold (1-2 pairs)
1d82900,2,Cold (1-2 pairs)
1d82940,2,Cold (1-2 pairs)
1d82980,5,Warm (3-10 pairs)
1d829c0,8,Warm (3-10 pairs)
1da3680,1,Cold (1-2 pairs)
1da3d80,1,Cold (1-2 pairs)
1da5e40,1,Cold (1-2 pairs)
1da5e80,17,Hot (11+ pairs)
1da5f00,2,Cold (1-2 pairs)
1da5f40,8,Warm (3-10 pairs)
1da6000,5,Warm (3-10 pairs)
1da6080,1,Cold (1-2 pairs)
1da7300,52,Hot (11+ pairs)
1da7340,6,Warm (3-10 pairs)
1da7380,45,Hot (11+ pairs)
1da73c0,5,Warm (3-10 pairs)
1da7440,50,Hot (11+ pairs)
1da7480,7,Warm (3-10 pairs)
1da76c0,2,Cold (1-2 pairs)
1da7f40,1,Cold (1-2 pairs)
1da8280,1,Cold (1-2 pairs)
1da8540,6,Warm (3-10 pairs)
1da8580,4,Warm (3-10 pairs)
1da85c0,4,Warm (3-10 pairs)
1da8600,5,Warm (3-10 pairs)
1da8640,3,Warm (3-10 pairs)
1da8680,4,Warm (3-10 pairs)
1da86c0,5,Warm (3-10 pairs)
1da8700,4,Warm (3-10 pairs)
1da8800,2,Cold (1-2 pairs)
1da8840,2,Cold (1-2 pairs)
1da8880,2,Cold (1-2 pairs)
1dad5c0,48,Hot (11+ pairs)
1dad600,70,Hot (11+ pairs)
1dad680,58,Hot (11+ pairs)
1dad6c0,3,Warm (3-10 pairs)
1dad700,2,Cold (1-2 pairs)
1dad740,5,Warm (3-10 pairs)
1dad780,35,Hot (11+ pairs)
1dad7c0,10,Warm (3-10 pairs)
1dad800,4,Warm (3-10 pairs)
1dad840,25,Hot (11+ pairs)
1dad880,22,Hot (11+ pairs)
1dad8c0,17,Hot (11+ pairs)
1dad900,10,Warm (3-10 pairs)
1dad940,7,Warm (3-10 pairs)
1dad980,9,Warm (3-10 pairs)
1dad9c0,7,Warm (3-10 pairs)
1dada00,5,Warm (3-10 pairs)
1dadb40,5,Warm (3-10 pairs)
1dae2c0,2,Cold (1-2 pairs)
1dae300,13,Hot (11+ pairs)
1dae8c0,2,Cold (1-2 pairs)
1dae980,5,Warm (3-10 pairs)
1dae9c0,6,Warm (3-10 pairs)
1daf500,1,Cold (1-2 pairs)
1daf540,5,Warm (3-10 pairs)
1daf580,9,Warm (3-10 pairs)
1daf5c0,2,Cold (1-2 pairs)
1db0e80,1,Cold (1-2 pairs)
1dcbd80,1,Cold (1-2 pairs)
1dcddc0,1,Cold (1-2 pairs)
1dce280,2,Cold (1-2 pairs)
1dce340,2,Cold (1-2 pairs)
1dce3c0,2,Cold (1-2 pairs)
1dce400,4,Warm (3-10 pairs)
1dce440,4,Warm (3-10 pairs)
1dce480,4,Warm (3-10 pairs)
1dce4c0,4,Warm (3-10 pairs)
1dce500,4,Warm (3-10 pairs)
1dce540,4,Warm (3-10 pairs)
1dce580,6,Warm (3-10 pairs)
1dce5c0,4,Warm (3-10 pairs)
1dce600,8,Warm (3-10 pairs)
1dce640,4,Warm (3-10 pairs)
1dce680,5,Warm (3-10 pairs)
1dce6c0,7,Warm (3-10 pairs)
1dce700,6,Warm (3-10 pairs)
1dce740,8,Warm (3-10 pairs)
1dce780,4,Warm (3-10 pairs)
1dce7c0,7,Warm (3-10 pairs)
1dce800,8,Warm (3-10 pairs)
1dce840,8,Warm (3-10 pairs)
1dce880,3,Warm (3-10 pairs)
1dce8c0,6,Warm (3-10 pairs)
1dd0b00,2,Cold (1-2 pairs)
1dd1000,11,Hot (11+ pairs)
1dd1600,2,Cold (1-2 pairs)
1dd1640,2,Cold (1-2 pairs)
1dd1680,2,Cold (1-2 pairs)
1dd16c0,2,Cold (1-2 pairs)
1dd1700,2,Cold (1-2 pairs)
1dd1740,1,Cold (1-2 pairs)
1dd1940,17,Hot (11+ pairs)
1dd1980,18,Hot (11+ pairs)
1dd1a00,1,Cold (1-2 pairs)
1dd1a80,8,Warm (3-10 pairs)
1dd1ac0,4,Warm (3-10 pairs)
1dd1c40,7,Warm (3-10 pairs)
1dd23c0,1,Cold (1-2 pairs)
1dd2500,1,Cold (1-2 pairs)
1dd26c0,1,Cold (1-2 pairs)
1dd2800,5,Warm (3-10 pairs)
1dd2840,2,Cold (1-2 pairs)
1dd2880,4,Warm (3-10 pairs)
1dd28c0,3,Warm (3-10 pairs)
1dd2980,5,Warm (3-10 pairs)
1dd29c0,257,Super Hot (top 1%)
1dd2a00,14,Hot (11+ pairs)
1dd2a40,34,Hot (11+ pairs)
1dd2a80,30,Hot (11+ pairs)
1dd2b00,1,Cold (1-2 pairs)
1dd2c00,10,Warm (3-10 pairs)
1dd2c40,3,Warm (3-10 pairs)
1dd2c80,1,Cold (1-2 pairs)
1dd2cc0,2,Cold (1-2 pairs)
1dd2d40,3,Warm (3-10 pairs)
1dd2dc0,3,Warm (3-10 pairs)
1dd2e00,1,Cold (1-2 pairs)
1dd2e80,1,Cold (1-2 pairs)
1dd2f00,1,Cold (1-2 pairs)
1dd2f40,10,Warm (3-10 pairs)
1dd2f80,8,Warm (3-10 pairs)
1dd2fc0,8,Warm (3-10 pairs)
1dd3000,4,Warm (3-10 pairs)
1dd3040,11,Hot (11+ pairs)
1dd3080,8,Warm (3-10 pairs)
1dd30c0,1,Cold (1-2 pairs)
1dd3100,7,Warm (3-10 pairs)
1dd3140,1,Cold (1-2 pairs)
1dd3180,3,Warm (3-10 pairs)
1dd31c0,5,Warm (3-10 pairs)
1dd3200,7,Warm (3-10 pairs)
1dd3240,4,Warm (3-10 pairs)
1dd3280,11,Hot (11+ pairs)
1dd32c0,8,Warm (3-10 pairs)
1dd3300,7,Warm (3-10 pairs)
1dd3340,4,Warm (3-10 pairs)
1dd3380,131,Super Hot (top 1%)
1dd33c0,210,Super Hot (top 1%)
1dd3400,109,Hot (11+ pairs)
1dd3440,5,Warm (3-10 pairs)
1dd34c0,6,Warm (3-10 pairs)
1dd3500,92,Hot (11+ pairs)
1dd3540,12,Hot (11+ pairs)
1dd3580,10,Warm (3-10 pairs)
1dd35c0,11,Hot (11+ pairs)
1dd3600,8,Warm (3-10 pairs)
1dd3640,13,Hot (11+ pairs)
1dd3680,11,Hot (11+ pairs)
1dd36c0,22,Hot (11+ pairs)
1dd3700,16,Hot (11+ pairs)
1dd3740,7,Warm (3-10 pairs)
1dd3780,10,Warm (3-10 pairs)
1dd37c0,37,Hot (11+ pairs)
1dd3800,9,Warm (3-10 pairs)
1dd3840,7,Warm (3-10 pairs)
1dd3880,9,Warm (3-10 pairs)
1dd3900,4,Warm (3-10 pairs)
1dd3940,8,Warm (3-10 pairs)
1dd3a40,6,Warm (3-10 pairs)
1dd3a80,3,Warm (3-10 pairs)
1dd3b00,3,Warm (3-10 pairs)
1dd3b40,1,Cold (1-2 pairs)
1dd3b80,13,Hot (11+ pairs)
1dd6000,7,Warm (3-10 pairs)
1dd6080,4,Warm (3-10 pairs)
1dd60c0,1,Cold (1-2 pairs)
1dd62c0,2,Cold (1-2 pairs)
1dd6800,1,Cold (1-2 pairs)
1dd7680,1,Cold (1-2 pairs)
1de9400,1,Cold (1-2 pairs)
1de9440,1,Cold (1-2 pairs)
1de9480,5,Warm (3-10 pairs)
1de94c0,1,Cold (1-2 pairs)
1de9500,4,Warm (3-10 pairs)
1de9540,3,Warm (3-10 pairs)
1de9740,1,Cold (1-2 pairs)
1de9980,1,Cold (1-2 pairs)
1de99c0,3,Warm (3-10 pairs)
1de9a80,3,Warm (3-10 pairs)
1de9ac0,4,Warm (3-10 pairs)
1de9cc0,2,Cold (1-2 pairs)
1de9d00,4,Warm (3-10 pairs)
1de9dc0,8,Warm (3-10 pairs)
1de9e00,21,Hot (11+ pairs)
1de9e40,7,Warm (3-10 pairs)
1de9e80,2,Cold (1-2 pairs)
1de9f00,1,Cold (1-2 pairs)
1dea180,1,Cold (1-2 pairs)
1dea600,1,Cold (1-2 pairs)
1deb200,3,Warm (3-10 pairs)
1deb240,1,Cold (1-2 pairs)
1deb400,4,Warm (3-10 pairs)
1deb440,3,Warm (3-10 pairs)
1deb4c0,8,Warm (3-10 pairs)
1deb500,1,Cold (1-2 pairs)
1deb940,1,Cold (1-2 pairs)
1decfc0,11,Hot (11+ pairs)
1ded000,2,Cold (1-2 pairs)
1ded840,4,Warm (3-10 pairs)
1ded900,6,Warm (3-10 pairs)
1ded940,5,Warm (3-10 pairs)
1dee940,1,Cold (1-2 pairs)
1dee980,5,Warm (3-10 pairs)
1def100,2,Cold (1-2 pairs)
1df71c0,12,Hot (11+ pairs)
1df7680,1,Cold (1-2 pairs)
1dffd40,1,Cold (1-2 pairs)
1e000c0,12,Hot (11+ pairs)
1e008c0,1,Cold (1-2 pairs)
1e00c00,1,Cold (1-2 pairs)
1e011c0,2,Cold (1-2 pairs)
1e01200,1,Cold (1-2 pairs)
1e01280,38,Hot (11+ pairs)
1e012c0,1,Cold (1-2 pairs)
1e01380,5,Warm (3-10 pairs)
1e013c0,1,Cold (1-2 pairs)
1e01400,4,Warm (3-10 pairs)
1e01440,2,Cold (1-2 pairs)
1e01480,6,Warm (3-10 pairs)
1e014c0,10,Warm (3-10 pairs)
1e01500,4,Warm (3-10 pairs)
1e01600,5,Warm (3-10 pairs)
1e01640,3,Warm (3-10 pairs)
1e01680,1,Cold (1-2 pairs)
1e08a40,1,Cold (1-2 pairs)
1e096c0,2,Cold (1-2 pairs)
1e09980,1,Cold (1-2 pairs)
1e099c0,2,Cold (1-2 pairs)
1e0ad00,1,Cold (1-2 pairs)
1e0ad40,2,Cold (1-2 pairs)
1e0bc40,5,Warm (3-10 pairs)
1e0bc80,8,Warm (3-10 pairs)
1e0bcc0,253,Super Hot (top 1%)
1e0bd00,5,Warm (3-10 pairs)
1e0bd40,15,Hot (11+ pairs)
1e0bd80,11,Hot (11+ pairs)
1e0bdc0,25,Hot (11+ pairs)
1e0be00,16,Hot (11+ pairs)
1e0be40,16,Hot (11+ pairs)
1e0be80,11,Hot (11+ pairs)
1e0bec0,33,Hot (11+ pairs)
1e0bf00,9,Warm (3-10 pairs)
1e0bf40,4,Warm (3-10 pairs)
1e0bf80,5,Warm (3-10 pairs)
1e0bfc0,4,Warm (3-10 pairs)
1e0c000,5,Warm (3-10 pairs)
1e0c040,10,Warm (3-10 pairs)
1e0c080,13,Hot (11+ pairs)
1e0c0c0,6,Warm (3-10 pairs)
1e0c100,10,Warm (3-10 pairs)
1e0c140,8,Warm (3-10 pairs)
1e0c180,4,Warm (3-10 pairs)
1e0c1c0,3,Warm (3-10 pairs)
1e0c200,6,Warm (3-10 pairs)
1e0c240,5,Warm (3-10 pairs)
1e0c280,7,Warm (3-10 pairs)
1e0c2c0,7,Warm (3-10 pairs)
1e0c300,7,Warm (3-10 pairs)
1e0c340,9,Warm (3-10 pairs)
1e0c380,6,Warm (3-10 pairs)
1e0c3c0,3,Warm (3-10 pairs)
1e0c400,5,Warm (3-10 pairs)
1e0c440,5,Warm (3-10 pairs)
1e0c480,5,Warm (3-10 pairs)
1e0c4c0,8,Warm (3-10 pairs)
1e0c500,3,Warm (3-10 pairs)
1e0c540,7,Warm (3-10 pairs)
1e0c580,4,Warm (3-10 pairs)
1e0c5c0,4,Warm (3-10 pairs)
1e0c600,4,Warm (3-10 pairs)
1e0c640,5,Warm (3-10 pairs)
1e0c680,4,Warm (3-10 pairs)
1e0c6c0,3,Warm (3-10 pairs)
1e0c700,6,Warm (3-10 pairs)
1e0c740,2,Cold (1-2 pairs)
1e0c780,1,Cold (1-2 pairs)
1e0c7c0,3,Warm (3-10 pairs)
1e0c800,1,Cold (1-2 pairs)
1e0c8c0,4,Warm (3-10 pairs)
1e0c900,1,Cold (1-2 pairs)
1e0ca40,1,Cold (1-2 pairs)
1e0cb00,1,Cold (1-2 pairs)
1e0cbc0,3,Warm (3-10 pairs)
1e0cc00,1,Cold (1-2 pairs)
1e0cc40,1,Cold (1-2 pairs)
1e0cc80,1,Cold (1-2 pairs)
1e0cd00,1,Cold (1-2 pairs)
1e0cdc0,1,Cold (1-2 pairs)
1e0ce40,1,Cold (1-2 pairs)
1e0ce80,2,Cold (1-2 pairs)
1e0cf40,1,Cold (1-2 pairs)
1e0d000,1,Cold (1-2 pairs)
1e0d0c0,2,Cold (1-2 pairs)
1e0d180,1,Cold (1-2 pairs)
1e0d240,2,Cold (1-2 pairs)
1e0d300,3,Warm (3-10 pairs)
1e0d340,2,Cold (1-2 pairs)
1e0d3c0,4,Warm (3-10 pairs)
1e0d400,1,Cold (1-2 pairs)
1e0d440,2,Cold (1-2 pairs)
1e0d480,1,Cold (1-2 pairs)
1e0d500,1,Cold (1-2 pairs)
1e0d5c0,1,Cold (1-2 pairs)
1e0d600,1,Cold (1-2 pairs)
1e0d680,1,Cold (1-2 pairs)
1e0d6c0,2,Cold (1-2 pairs)
1e0d740,3,Warm (3-10 pairs)
1e0d780,2,Cold (1-2 pairs)
1e0d800,2,Cold (1-2 pairs)
1e0d8c0,2,Cold (1-2 pairs)
1e0d980,1,Cold (1-2 pairs)
1e0da00,1,Cold (1-2 pairs)
1e0da40,2,Cold (1-2 pairs)
1e0dac0,2,Cold (1-2 pairs)
1e0db00,1,Cold (1-2 pairs)
1e0db80,1,Cold (1-2 pairs)
1e0dc00,1,Cold (1-2 pairs)
1e0dc40,1,Cold (1-2 pairs)
1e0dd00,1,Cold (1-2 pairs)
1e0dd40,1,Cold (1-2 pairs)
1e0ddc0,1,Cold (1-2 pairs)
1e0de80,2,Cold (1-2 pairs)
1e0dec0,2,Cold (1-2 pairs)
1e0df40,4,Warm (3-10 pairs)
1e0df80,1,Cold (1-2 pairs)
1e0dfc0,5,Warm (3-10 pairs)
1e0e000,3,Warm (3-10 pairs)
1e0e080,2,Cold (1-2 pairs)
1e0e0c0,1,Cold (1-2 pairs)
1e0e140,1,Cold (1-2 pairs)
1e0e200,1,Cold (1-2 pairs)
1e0e2c0,1,Cold (1-2 pairs)
1e0e300,1,Cold (1-2 pairs)
1e0e380,1,Cold (1-2 pairs)
1e0e440,1,Cold (1-2 pairs)
1e0e500,1,Cold (1-2 pairs)
1e0e700,1,Cold (1-2 pairs)
1e0e7c0,1,Cold (1-2 pairs)
1e0e9c0,1,Cold (1-2 pairs)
1e0ea80,1,Cold (1-2 pairs)
1e0eb40,1,Cold (1-2 pairs)
1e0ec40,1,Cold (1-2 pairs)
1e0ed00,1,Cold (1-2 pairs)
1e0ee00,1,Cold (1-2 pairs)
1e0eec0,1,Cold (1-2 pairs)
1e0ef80,1,Cold (1-2 pairs)
1e0f040,1,Cold (1-2 pairs)
1e0f100,1,Cold (1-2 pairs)
1e0f1c0,1,Cold (1-2 pairs)
1e0f240,2,Cold (1-2 pairs)
1e0f300,1,Cold (1-2 pairs)
1e0f3c0,1,Cold (1-2 pairs)
1e0f440,1,Cold (1-2 pairs)
1e0f500,1,Cold (1-2 pairs)
1e0f5c0,1,Cold (1-2 pairs)
1e0f600,1,Cold (1-2 pairs)
1e0f680,3,Warm (3-10 pairs)
1e0f740,1,Cold (1-2 pairs)
1e0f800,1,Cold (1-2 pairs)
1e0f880,3,Warm (3-10 pairs)
1e0f8c0,2,Cold (1-2 pairs)
1e0f980,1,Cold (1-2 pairs)
1e0fa00,1,Cold (1-2 pairs)
1e0fac0,2,Cold (1-2 pairs)
1e0fb80,1,Cold (1-2 pairs)
1e0fbc0,1,Cold (1-2 pairs)
1e0fc40,1,Cold (1-2 pairs)
1e0fd00,1,Cold (1-2 pairs)
1e0fd80,1,Cold (1-2 pairs)
1e0fdc0,1,Cold (1-2 pairs)
1e0fe40,1,Cold (1-2 pairs)
1e0fe80,1,Cold (1-2 pairs)
1e0ff00,1,Cold (1-2 pairs)
1e0ff80,1,Cold (1-2 pairs)
1e10040,1,Cold (1-2 pairs)
1e10100,1,Cold (1-2 pairs)
1e101c0,1,Cold (1-2 pairs)
1e10280,1,Cold (1-2 pairs)
1e10300,1,Cold (1-2 pairs)
1e10340,1,Cold (1-2 pairs)
1e10400,1,Cold (1-2 pairs)
1e104c0,1,Cold (1-2 pairs)
1e10580,1,Cold (1-2 pairs)
1e10640,1,Cold (1-2 pairs)
1e10700,1,Cold (1-2 pairs)
1e107c0,1,Cold (1-2 pairs)
1e10880,1,Cold (1-2 pairs)
1e10940,1,Cold (1-2 pairs)
1e10a00,1,Cold (1-2 pairs)
1e10a80,1,Cold (1-2 pairs)
1e10b40,1,Cold (1-2 pairs)
1e10c00,1,Cold (1-2 pairs)
1e10cc0,1,Cold (1-2 pairs)
1e10d80,2,Cold (1-2 pairs)
1e10dc0,1,Cold (1-2 pairs)
1e10e40,1,Cold (1-2 pairs)
1e10f00,1,Cold (1-2 pairs)
1e10fc0,1,Cold (1-2 pairs)
1e11000,1,Cold (1-2 pairs)
1e11080,2,Cold (1-2 pairs)
1e110c0,1,Cold (1-2 pairs)
1e11140,1,Cold (1-2 pairs)
1e11180,1,Cold (1-2 pairs)
1e11200,1,Cold (1-2 pairs)
1e11280,1,Cold (1-2 pairs)
1e11340,1,Cold (1-2 pairs)
1e11400,1,Cold (1-2 pairs)
1e114c0,1,Cold (1-2 pairs)
1e11540,1,Cold (1-2 pairs)
1e11600,1,Cold (1-2 pairs)
1e116c0,1,Cold (1-2 pairs)
1e11780,1,Cold (1-2 pairs)
1e11800,1,Cold (1-2 pairs)
1e11840,1,Cold (1-2 pairs)
1e11a80,1,Cold (1-2 pairs)
1e11b40,2,Cold (1-2 pairs)
1e11b80,1,Cold (1-2 pairs)
1e11bc0,1,Cold (1-2 pairs)
1e11c00,1,Cold (1-2 pairs)
1e11cc0,1,Cold (1-2 pairs)
1e11e00,1,Cold (1-2 pairs)
1e11ec0,1,Cold (1-2 pairs)
1e11f80,1,Cold (1-2 pairs)
1e12000,1,Cold (1-2 pairs)
1e12040,1,Cold (1-2 pairs)
1e120c0,1,Cold (1-2 pairs)
1e12180,1,Cold (1-2 pairs)
1e12240,1,Cold (1-2 pairs)
1e12300,1,Cold (1-2 pairs)
1e123c0,1,Cold (1-2 pairs)
1e12480,1,Cold (1-2 pairs)
1e12540,1,Cold (1-2 pairs)
1e12600,1,Cold (1-2 pairs)
1e126c0,1,Cold (1-2 pairs)
1e12780,1,Cold (1-2 pairs)
1e12840,1,Cold (1-2 pairs)
1e12900,1,Cold (1-2 pairs)
1e129c0,1,Cold (1-2 pairs)
1e12a80,1,Cold (1-2 pairs)
1e12b40,1,Cold (1-2 pairs)
1e12cc0,1,Cold (1-2 pairs)
1e12d80,1,Cold (1-2 pairs)
1e12e40,1,Cold (1-2 pairs)
1e12f00,2,Cold (1-2 pairs)
1e12f40,1,Cold (1-2 pairs)
1e12fc0,1,Cold (1-2 pairs)
1e13080,1,Cold (1-2 pairs)
1e13140,1,Cold (1-2 pairs)
1e13200,1,Cold (1-2 pairs)
1e132c0,1,Cold (1-2 pairs)
1e13380,1,Cold (1-2 pairs)
1e13440,1,Cold (1-2 pairs)
1e13500,1,Cold (1-2 pairs)
1e13580,1,Cold (1-2 pairs)
1e13640,1,Cold (1-2 pairs)
1e13700,1,Cold (1-2 pairs)
1e137c0,1,Cold (1-2 pairs)
1e13880,1,Cold (1-2 pairs)
1e13940,1,Cold (1-2 pairs)
1e13a00,1,Cold (1-2 pairs)
1e13ac0,1,Cold (1-2 pairs)
1e13b80,1,Cold (1-2 pairs)
1e13c40,1,Cold (1-2 pairs)
1e13d00,1,Cold (1-2 pairs)
1e13dc0,1,Cold (1-2 pairs)
1e13e80,1,Cold (1-2 pairs)
1e14000,1,Cold (1-2 pairs)
1e140c0,1,Cold (1-2 pairs)
1e14180,1,Cold (1-2 pairs)
1e14240,1,Cold (1-2 pairs)
1e14300,1,Cold (1-2 pairs)
1e143c0,1,Cold (1-2 pairs)
1e14480,1,Cold (1-2 pairs)
1e14540,1,Cold (1-2 pairs)
1e14600,1,Cold (1-2 pairs)
1e146c0,1,Cold (1-2 pairs)
1e14780,1,Cold (1-2 pairs)
1e14840,1,Cold (1-2 pairs)
1e149c0,1,Cold (1-2 pairs)
1e14a80,1,Cold (1-2 pairs)
1e14b40,1,Cold (1-2 pairs)
1e14c00,1,Cold (1-2 pairs)
1e14cc0,1,Cold (1-2 pairs)
1e14d80,1,Cold (1-2 pairs)
1e14e40,1,Cold (1-2 pairs)
1e14f00,1,Cold (1-2 pairs)
1e20000,9,Warm (3-10 pairs)
1e20040,6,Warm (3-10 pairs)
1e20f00,3,Warm (3-10 pairs)
1e21740,2,Cold (1-2 pairs)
1e22080,3,Warm (3-10 pairs)
1e22100,3,Warm (3-10 pairs)
1e22140,1,Cold (1-2 pairs)
1e22200,1,Cold (1-2 pairs)
1e22240,2,Cold (1-2 pairs)
1e22280,2,Cold (1-2 pairs)
1e22300,1,Cold (1-2 pairs)
1e22540,1,Cold (1-2 pairs)
1e22580,1,Cold (1-2 pairs)
1e225c0,1,Cold (1-2 pairs)
1e230c0,1,Cold (1-2 pairs)
1e23100,1,Cold (1-2 pairs)
1e23140,1,Cold (1-2 pairs)
1e23180,1,Cold (1-2 pairs)
1e23300,1,Cold (1-2 pairs)
1e233c0,1,Cold (1-2 pairs)
1e27d80,1,Cold (1-2 pairs)
1e28e00,1,Cold (1-2 pairs)
1e28e80,1,Cold (1-2 pairs)
1e290c0,1,Cold (1-2 pairs)
1e2b180,2,Cold (1-2 pairs)
1e2b1c0,1,Cold (1-2 pairs)
1e2b340,1,Cold (1-2 pairs)
1e2df80,11,Hot (11+ pairs)
1e2dfc0,6,Warm (3-10 pairs)
1e2e380,1,Cold (1-2 pairs)
1e2e3c0,7,Warm (3-10 pairs)
1e2e8c0,1,Cold (1-2 pairs)
1e2e900,1,Cold (1-2 pairs)
1e30f00,5,Warm (3-10 pairs)
1e30f40,1,Cold (1-2 pairs)
1e33b00,1,Cold (1-2 pairs)
1e341c0,1,Cold (1-2 pairs)
1e342c0,1,Cold (1-2 pairs)
1e34480,1,Cold (1-2 pairs)
1e34500,1,Cold (1-2 pairs)
1e34540,3,Warm (3-10 pairs)
1e37340,1,Cold (1-2 pairs)
1e47080,3,Warm (3-10 pairs)
1e470c0,4,Warm (3-10 pairs)
1e47100,1,Cold (1-2 pairs)
1e47440,1,Cold (1-2 pairs)
1e47500,1,Cold (1-2 pairs)
1e49800,3,Warm (3-10 pairs)
1e498c0,5,Warm (3-10 pairs)
1e49900,3,Warm (3-10 pairs)
1e49940,3,Warm (3-10 pairs)
1e49b00,1,Cold (1-2 pairs)
1e49b40,2,Cold (1-2 pairs)
1e49b80,1,Cold (1-2 pairs)
1e49bc0,1,Cold (1-2 pairs)
1e4a5c0,1,Cold (1-2 pairs)
1e4b880,1,Cold (1-2 pairs)
1e4bc40,3,Warm (3-10 pairs)
1e4bc80,2,Cold (1-2 pairs)
1e4bcc0,2,Cold (1-2 pairs)
1e4db80,2,Cold (1-2 pairs)
1e51d00,4,Warm (3-10 pairs)
1e51fc0,6,Warm (3-10 pairs)
1e52000,1,Cold (1-2 pairs)
1e72180,4,Warm (3-10 pairs)
1e721c0,1,Cold (1-2 pairs)
1e72200,2,Cold (1-2 pairs)
1e72600,7,Warm (3-10 pairs)
1e72c00,8,Warm (3-10 pairs)
1e73500,1,Cold (1-2 pairs)
1e73640,1,Cold (1-2 pairs)
1e73780,1,Cold (1-2 pairs)
1e73980,1,Cold (1-2 pairs)
1e73a40,1,Cold (1-2 pairs)
1e73cc0,3,Warm (3-10 pairs)
1e73d80,2,Cold (1-2 pairs)
1e75fc0,1,Cold (1-2 pairs)
1e76580,1,Cold (1-2 pairs)
400040,2,Cold (1-2 pairs)
400080,2,Cold (1-2 pairs)
4000c0,3,Warm (3-10 pairs)
400180,1,Cold (1-2 pairs)
4001c0,3,Warm (3-10 pairs)
400240,4,Warm (3-10 pairs)
400300,4,Warm (3-10 pairs)
400340,7,Warm (3-10 pairs)
400380,3,Warm (3-10 pairs)
4003c0,1,Cold (1-2 pairs)
415dc0,1,Cold (1-2 pairs)
427e00,1,Cold (1-2 pairs)
428740,1,Cold (1-2 pairs)
432fc0,1,Cold (1-2 pairs)
476380,1,Cold (1-2 pairs)
47b880,1,Cold (1-2 pairs)
483cc0,1,Cold (1-2 pairs)
498f00,7,Warm (3-10 pairs)
49a440,3,Warm (3-10 pairs)
49a700,4,Warm (3-10 pairs)
49a840,4,Warm (3-10 pairs)
49a880,3,Warm (3-10 pairs)
49a8c0,4,Warm (3-10 pairs)
49a940,2,Cold (1-2 pairs)
49aac0,1,Cold (1-2 pairs)
49ae80,3,Warm (3-10 pairs)
49aec0,2,Cold (1-2 pairs)
568e80,5,Warm (3-10 pairs)
572700,17,Hot (11+ pairs)
573480,1,Cold (1-2 pairs)
574540,1,Cold (1-2 pairs)
5747c0,1,Cold (1-2 pairs)
575640,1,Cold (1-2 pairs)
7f32e6df2dc0,1,Cold (1-2 pairs)
7f32e6df9340,1,Cold (1-2 pairs)
7f32e6e100c0,1,Cold (1-2 pairs)
7f32e6e1a8c0,1,Cold (1-2 pairs)
7f32e6e1d380,1,Cold (1-2 pairs)
7f32e6e23080,3,Warm (3-10 pairs)
7f32e6e230c0,4,Warm (3-10 pairs)
7f32e6e23100,1,Cold (1-2 pairs)
7f32e6e23c80,1,Cold (1-2 pairs)
7f32e6e24c80,1,Cold (1-2 pairs)
7f32e6e24e40,1,Cold (1-2 pairs)
7f32e6e24f00,1,Cold (1-2 pairs)
7f32e6e24f40,1,Cold (1-2 pairs)
7f32e6e2a2c0,3,Warm (3-10 pairs)
7f32e6e2a300,3,Warm (3-10 pairs)
7f32e6f49540,5,Warm (3-10 pairs)
7f32e6f49580,1,Cold (1-2 pairs)
7f32e6f495c0,2,Cold (1-2 pairs)
7f32e6f497c0,1,Cold (1-2 pairs)
7f32e6f4a280,1,Cold (1-2 pairs)
7f32e6f76040,1,Cold (1-2 pairs)
7f32e7242480,1,Cold (1-2 pairs)
7f32e7242a00,1,Cold (1-2 pairs)
7f32e7242b40,1,Cold (1-2 pairs)
7f32e7242d00,5,Warm (3-10 pairs)
7f32e7242d80,2,Cold (1-2 pairs)
7f32e7242dc0,2,Cold (1-2 pairs)
7f32e724f380,1,Cold (1-2 pairs)
7f32e724fdc0,3,Warm (3-10 pairs)
7f32e7250540,1,Cold (1-2 pairs)
7f32e7251180,1,Cold (1-2 pairs)
7f32e7251640,2,Cold (1-2 pairs)
7f32e7253440,3,Warm (3-10 pairs)
7f32e725d180,2,Cold (1-2 pairs)
7f32e726aec0,3,Warm (3-10 pairs)
7f32e72b8300,1,Cold (1-2 pairs)
7f32e72c4100,1,Cold (1-2 pairs)
7f32e72d6940,2,Cold (1-2 pairs)
7f32e72edc00,1,Cold (1-2 pairs)
7f32e7344bc0,1,Cold (1-2 pairs)
7f32e73de040,3,Warm (3-10 pairs)
7f32e73fdbc0,1,Cold (1-2 pairs)
7f32e740c7c0,2,Cold (1-2 pairs)
7f32e7413b80,1,Cold (1-2 pairs)
7f32e7416f40,1,Cold (1-2 pairs)
7f32e742f000,4,Warm (3-10 pairs)
7f32e7434680,1,Cold (1-2 pairs)
7f32e743d9c0,1,Cold (1-2 pairs)
7f32e7444080,1,Cold (1-2 pairs)
7f32e7444180,1,Cold (1-2 pairs)
7f32e7444ec0,1,Cold (1-2 pairs)
7f32e74473c0,1,Cold (1-2 pairs)
7f32e746b340,2,Cold (1-2 pairs)
7f32e746efc0,1,Cold (1-2 pairs)
7f32e7482b40,1,Cold (1-2 pairs)
7f32e74f3680,3,Warm (3-10 pairs)
7f32e762ee40,29,Hot (11+ pairs)
7f32e762ee80,31,Hot (11+ pairs)
7f32e762eec0,11,Hot (11+ pairs)
7f32e762ef00,4,Warm (3-10 pairs)
7f32e7679040,1,Cold (1-2 pairs)
7f32e76841c0,6,Warm (3-10 pairs)
7f32e7684200,3,Warm (3-10 pairs)
7f32e7684240,12,Hot (11+ pairs)
7f32e76843c0,1,Cold (1-2 pairs)
7f32e76844c0,3,Warm (3-10 pairs)
7f32e7684500,1,Cold (1-2 pairs)
7f32e7684b40,1,Cold (1-2 pairs)
7f32e7686c00,2,Cold (1-2 pairs)
7f32e7686c40,3,Warm (3-10 pairs)
7f32e7686d00,3,Warm (3-10 pairs)
7f32e7686e40,1,Cold (1-2 pairs)
7f32e7686f40,21,Hot (11+ pairs)
7f32e7686f80,13,Hot (11+ pairs)
7f32e7687080,1,Cold (1-2 pairs)
7f32e7687500,1,Cold (1-2 pairs)
7f32e76877c0,1,Cold (1-2 pairs)
7f32e7687800,1,Cold (1-2 pairs)
7f32e7687a80,6,Warm (3-10 pairs)
7f32e7687ac0,2,Cold (1-2 pairs)
7f32e7687b40,1,Cold (1-2 pairs)
7f32e7687c00,2,Cold (1-2 pairs)
7f32e7687c40,1,Cold (1-2 pairs)
7f32e7687dc0,2,Cold (1-2 pairs)
7f32e7687e00,1,Cold (1-2 pairs)
7f32e7687e40,2,Cold (1-2 pairs)
7f32e76884c0,2,Cold (1-2 pairs)
7f32e7688500,6,Warm (3-10 pairs)
7f32e76995c0,3,Warm (3-10 pairs)
7f32e7699600,11,Hot (11+ pairs)
7f32e7699640,1,Cold (1-2 pairs)
7f32e7699700,2,Cold (1-2 pairs)
7f32e7699740,3,Warm (3-10 pairs)
7f32e76c12c0,1,Cold (1-2 pairs)
7f32e76e9680,8,Warm (3-10 pairs)
7f32e76e96c0,6,Warm (3-10 pairs)
7f32e76e9780,1,Cold (1-2 pairs)
7f32e76e97c0,1,Cold (1-2 pairs)
7f32e76e9800,1,Cold (1-2 pairs)
7f32e76e9880,3,Warm (3-10 pairs)
7f32e76e9ac0,1,Cold (1-2 pairs)
7f32e76e9b80,1,Cold (1-2 pairs)
7f32e76e9c40,1,Cold (1-2 pairs)
7f32e76e9d40,1,Cold (1-2 pairs)
7f32e76e9e00,1,Cold (1-2 pairs)
7f32e76ea080,1,Cold (1-2 pairs)
7f32e76eba40,1,Cold (1-2 pairs)
7f32e772bc40,2,Cold (1-2 pairs)
7f32e772c740,1,Cold (1-2 pairs)
7f32e773a900,2,Cold (1-2 pairs)
7f32e773a940,1,Cold (1-2 pairs)
7f32e773aac0,1,Cold (1-2 pairs)
7f32e773ab00,2,Cold (1-2 pairs)
7f32e773ab40,1,Cold (1-2 pairs)
7f32e773ae00,2,Cold (1-2 pairs)
7f32e773b140,1,Cold (1-2 pairs)
7f32e7756e40,2,Cold (1-2 pairs)
7f32e7756e80,5,Warm (3-10 pairs)
7f32e775bac0,15,Hot (11+ pairs)
7f32e775bb00,1,Cold (1-2 pairs)
7f32e775bb40,1,Cold (1-2 pairs)
7f32e775bb80,1,Cold (1-2 pairs)
7f32e775c740,4,Warm (3-10 pairs)
7f32e775c780,1,Cold (1-2 pairs)
7f32e775c800,1,Cold (1-2 pairs)
7f32e775eb00,12,Hot (11+ pairs)
7f32e775ed00,1,Cold (1-2 pairs)
7f32e77b7500,4,Warm (3-10 pairs)
7f32e77be080,3,Warm (3-10 pairs)
7f32e77d2480,1,Cold (1-2 pairs)
7f32e77d3000,3,Warm (3-10 pairs)
7f32e7802d40,1,Cold (1-2 pairs)
7f32e7803180,1,Cold (1-2 pairs)
7f32e7823940,1,Cold (1-2 pairs)
7f32e782a6c0,5,Warm (3-10 pairs)
7f32e790ce40,2,Cold (1-2 pairs)
7f32e790ce80,1,Cold (1-2 pairs)
7f32e7910bc0,9,Warm (3-10 pairs)
7f32e7910c40,1,Cold (1-2 pairs)
7f32e7911240,1,Cold (1-2 pairs)
7f32e7911300,1,Cold (1-2 pairs)
7f32e7911340,1,Cold (1-2 pairs)
7f32e7911d40,1,Cold (1-2 pairs)
7f32e79dd340,1,Cold (1-2 pairs)
7f32e79e4b80,6,Warm (3-10 pairs)
7f32e79e4bc0,8,Warm (3-10 pairs)
7f32e79e4d80,6,Warm (3-10 pairs)
7f32e79e4dc0,8,Warm (3-10 pairs)
7f32e79e9e80,2,Cold (1-2 pairs)
7f32e79f5780,1,Cold (1-2 pairs)
7f32e7a597c0,1,Cold (1-2 pairs)
7f32e7cd8b40,2,Cold (1-2 pairs)
7f32e7cec000,3,Warm (3-10 pairs)
7f32e7d39540,42,Hot (11+ pairs)
7f32e7d3af00,13,Hot (11+ pairs)
7f32e7d87640,1,Cold (1-2 pairs)
7f32e7d876c0,7,Warm (3-10 pairs)
7f32e7d87700,5,Warm (3-10 pairs)
7f32e7d88800,1,Cold (1-2 pairs)
7f32e7d88900,17,Hot (11+ pairs)
7f32e7d88940,1,Cold (1-2 pairs)
7f32e7d88980,2,Cold (1-2 pairs)
7f32e7d88a00,4,Warm (3-10 pairs)
7f32e7d88a40,1,Cold (1-2 pairs)
7f32e7d88a80,1,Cold (1-2 pairs)
7f32e7dbc740,4,Warm (3-10 pairs)
7f32e7dbe1c0,1,Cold (1-2 pairs)
7f32e7e18580,1,Cold (1-2 pairs)
7f32e7e19000,1,Cold (1-2 pairs)
7f32e7e19040,3,Warm (3-10 pairs)
7f32e7e19380,1,Cold (1-2 pairs)
7f32e7e19400,1,Cold (1-2 pairs)
7f32e7e19440,1,Cold (1-2 pairs)
7f32e7e194c0,8,Warm (3-10 pairs)
7f32e7e19640,1,Cold (1-2 pairs)
7f32e7e19e40,19,Hot (11+ pairs)
7f32e7e1a640,1,Cold (1-2 pairs)
7f32e7e1d000,8,Warm (3-10 pairs)
7f32e7e1fd00,2,Cold (1-2 pairs)
7f32e7e1fd40,2,Cold (1-2 pairs)
7f32e7eafc40,2,Cold (1-2 pairs)
7f32e7ed55c0,4,Warm (3-10 pairs)
7f32e803db00,4,Warm (3-10 pairs)
7f32e8082300,2,Cold (1-2 pairs)
7f32e80a8c40,1,Cold (1-2 pairs)
7f32e80c9e80,5,Warm (3-10 pairs)
7f32e80c9ec0,9,Warm (3-10 pairs)
7f32e80d84c0,3,Warm (3-10 pairs)
7f32e80d8500,2,Cold (1-2 pairs)
7f32e80d8540,3,Warm (3-10 pairs)
7f32e80d8980,1,Cold (1-2 pairs)
7f32e824d600,2,Cold (1-2 pairs)
7f32e8309500,42,Hot (11+ pairs)
7f32e830a600,14,Hot (11+ pairs)
7f32e8320980,1,Cold (1-2 pairs)
7f32e83209c0,24,Hot (11+ pairs)
7f32e8322400,12,Hot (11+ pairs)
7f32e83305c0,8,Warm (3-10 pairs)
7f32e8330600,4,Warm (3-10 pairs)
7f32e8331c00,4,Warm (3-10 pairs)
7f32e83459c0,25,Hot (11+ pairs)
7f32e8347700,1,Cold (1-2 pairs)
7f32e8388500,1,Cold (1-2 pairs)
7f32e838a600,1,Cold (1-2 pairs)
7f32e838c300,1,Cold (1-2 pairs)
7f32e838c380,2,Cold (1-2 pairs)
7f32e838c3c0,2,Cold (1-2 pairs)
7f32e838c800,5,Warm (3-10 pairs)
7f32e838c840,4,Warm (3-10 pairs)
7f32e838c8c0,21,Hot (11+ pairs)
7f32e838c940,3,Warm (3-10 pairs)
7f32e83a39c0,1,Cold (1-2 pairs)
7f32e83a40c0,1,Cold (1-2 pairs)
7f32e83a4100,1,Cold (1-2 pairs)
7f32e83c7400,1,Cold (1-2 pairs)
7f32e844fc80,1,Cold (1-2 pairs)
7f32e844ffc0,5,Warm (3-10 pairs)
7f32e84501c0,1,Cold (1-2 pairs)
7f32e8450640,9,Warm (3-10 pairs)
7f32e8450680,16,Hot (11+ pairs)
7f32e8450700,1,Cold (1-2 pairs)
7f32e8450780,1,Cold (1-2 pairs)
7f32e8451000,15,Hot (11+ pairs)
7f32e8451040,4,Warm (3-10 pairs)
7f32e8451080,4,Warm (3-10 pairs)
7f32e8471a80,2,Cold (1-2 pairs)
7f32e8471ac0,1,Cold (1-2 pairs)
7f32e8472580,2,Cold (1-2 pairs)
7f32e84725c0,2,Cold (1-2 pairs)
7f32e84a9540,1,Cold (1-2 pairs)
7f32e8bf1b40,1,Cold (1-2 pairs)
7f32e8bffb40,4,Warm (3-10 pairs)
7f32e8c10780,5,Warm (3-10 pairs)
7f32e8c107c0,1,Cold (1-2 pairs)
7f32e8c14940,2,Cold (1-2 pairs)
7f32e8c17580,1,Cold (1-2 pairs)
7f32e8ccdf00,1,Cold (1-2 pairs)
7f32e8ceb4c0,1,Cold (1-2 pairs)
7f32e8cedd80,1,Cold (1-2 pairs)
7f32e8ceddc0,1,Cold (1-2 pairs)
7f32e8cede00,1,Cold (1-2 pairs)
7f32e8cf16c0,5,Warm (3-10 pairs)
7f32e8cf1700,4,Warm (3-10 pairs)
7f32e8cf4980,1,Cold (1-2 pairs)
7f32e8cf4a80,1,Cold (1-2 pairs)
7f32e8cf5b40,1,Cold (1-2 pairs)
7f32e8cf7900,1,Cold (1-2 pairs)
7f32e8cfdf80,12,Hot (11+ pairs)
7f32e8d020c0,1,Cold (1-2 pairs)
7f32e8d024c0,1,Cold (1-2 pairs)
7f32e8d028c0,1,Cold (1-2 pairs)
7f32e8d02940,1,Cold (1-2 pairs)
7f32e8d02d00,20,Hot (11+ pairs)
7f32e8d02d40,5,Warm (3-10 pairs)
7f32e8d03d40,1,Cold (1-2 pairs)
7f32e8d0c040,1,Cold (1-2 pairs)
7f32e8d0d3c0,1,Cold (1-2 pairs)
7f32e8d0d600,1,Cold (1-2 pairs)
7f32e8d0d840,1,Cold (1-2 pairs)
7f32e8d0d880,9,Warm (3-10 pairs)
7f32e8d0d8c0,4,Warm (3-10 pairs)
7f32e8d0d900,2,Cold (1-2 pairs)
7f32e8d0f0c0,14,Hot (11+ pairs)
7f32e8d0f100,9,Warm (3-10 pairs)
7f32e8d0f1c0,5,Warm (3-10 pairs)
7f32e8d0f200,6,Warm (3-10 pairs)
7f32e8d0f240,6,Warm (3-10 pairs)
7f32e8d0f340,1,Cold (1-2 pairs)
7f32e8d104c0,12,Hot (11+ pairs)
7f32e8d10500,7,Warm (3-10 pairs)
7f32e8d10540,5,Warm (3-10 pairs)
7f32e8d11a80,4,Warm (3-10 pairs)
7f32e8d11b00,7,Warm (3-10 pairs)
7f32e8d11b40,11,Hot (11+ pairs)
7f32e8d11b80,9,Warm (3-10 pairs)
7f32e8d11bc0,1,Cold (1-2 pairs)
7f32e8d11c00,1,Cold (1-2 pairs)
7f32e8d11c40,2,Cold (1-2 pairs)
7f32e8d11cc0,1,Cold (1-2 pairs)
7f32e8d11ec0,1,Cold (1-2 pairs)
7f32e8d13f80,4,Warm (3-10 pairs)
7f32e8d15500,20,Hot (11+ pairs)
7f32e8d155c0,5,Warm (3-10 pairs)
7f32e8d15c00,1,Cold (1-2 pairs)
7f32e8d15d80,1,Cold (1-2 pairs)
7f32e8d16200,1,Cold (1-2 pairs)
7f32e8d16340,1,Cold (1-2 pairs)
7f32e8d16680,26,Hot (11+ pairs)
7f32e8d166c0,12,Hot (11+ pairs)
7f32e8d16840,1,Cold (1-2 pairs)
7f32e8d16880,3,Warm (3-10 pairs)
7f32e8d168c0,4,Warm (3-10 pairs)
7f32e8d16a40,1,Cold (1-2 pairs)
7f32e8d17500,16,Hot (11+ pairs)
7f32e8d17540,12,Hot (11+ pairs)
7f32e8d176c0,9,Warm (3-10 pairs)
7f32e8d17700,4,Warm (3-10 pairs)
7f32e8d17d00,1,Cold (1-2 pairs)
7f32e8d17e40,1,Cold (1-2 pairs)
7f32e8d19840,1,Cold (1-2 pairs)
7f32e8d198c0,8,Warm (3-10 pairs)
7f32e8d19900,16,Hot (11+ pairs)
7f32e8d19980,2,Cold (1-2 pairs)
7f32e8d19b40,2,Cold (1-2 pairs)
7f32e8d19b80,2,Cold (1-2 pairs)
7f32e8d19d40,1,Cold (1-2 pairs)
7f32e8d1a000,30,Hot (11+ pairs)
7f32e8d1a040,15,Hot (11+ pairs)
7f32e8d1a080,3,Warm (3-10 pairs)
7f32e8d1a0c0,2,Cold (1-2 pairs)
7f32e8d1a100,4,Warm (3-10 pairs)
7f32e8d1b180,1,Cold (1-2 pairs)
7f32e8d1b1c0,2,Cold (1-2 pairs)
7f32e8d1bac0,4,Warm (3-10 pairs)
7f32e8d1bb00,6,Warm (3-10 pairs)
7f32e8d1bb40,12,Hot (11+ pairs)
7f32e8d1bb80,2,Cold (1-2 pairs)
7f32e8d1bbc0,16,Hot (11+ pairs)
7f32e8d1bc00,7,Warm (3-10 pairs)
7f32e8d1bd00,1,Cold (1-2 pairs)
7f32e8d1bd80,1,Cold (1-2 pairs)
7f32e8d1be80,1,Cold (1-2 pairs)
7f32e8d1bec0,1,Cold (1-2 pairs)
7f32e8d1c380,2,Cold (1-2 pairs)
7f32e8d1c3c0,31,Hot (11+ pairs)
7f32e8d1c400,3,Warm (3-10 pairs)
7f32e8d1c480,3,Warm (3-10 pairs)
7f32e8d1c4c0,12,Hot (11+ pairs)
7f32e8d1c6c0,5,Warm (3-10 pairs)
7f32e8d1c700,1,Cold (1-2 pairs)
7f32e8d1c800,4,Warm (3-10 pairs)
7f32e8d1c840,5,Warm (3-10 pairs)
7f32e8d1c880,10,Warm (3-10 pairs)
7f32e8d1c8c0,8,Warm (3-10 pairs)
7f32e8d1c900,4,Warm (3-10 pairs)
7f32e8d1c940,6,Warm (3-10 pairs)
7f32e8d1ca80,4,Warm (3-10 pairs)
7f32e8d1cac0,1,Cold (1-2 pairs)
7f32e8d1cb40,13,Hot (11+ pairs)
7f32e8d1cb80,8,Warm (3-10 pairs)
7f32e8d1cdc0,1,Cold (1-2 pairs)
7f32e8d1e080,5,Warm (3-10 pairs)
7f32e8d1e240,6,Warm (3-10 pairs)
7f32e8d1e280,2,Cold (1-2 pairs)
7f32e8d1e540,1,Cold (1-2 pairs)
7f32e8d1f000,2,Cold (1-2 pairs)
7f32e8d1f040,4,Warm (3-10 pairs)
7f32e8d1f140,1,Cold (1-2 pairs)
7f32e8d1f180,1,Cold (1-2 pairs)
7f32e8d1f1c0,15,Hot (11+ pairs)
7f32e8d1f200,1,Cold (1-2 pairs)
7f32e8d1f380,1,Cold (1-2 pairs)
7f32e8d1f440,3,Warm (3-10 pairs)
7f32e8d1f480,16,Hot (11+ pairs)
7f32e8d1f4c0,2,Cold (1-2 pairs)
7f32e8d1f500,3,Warm (3-10 pairs)
7f32e8d1f700,4,Warm (3-10 pairs)
7f32e8d1f900,1,Cold (1-2 pairs)
7f32e8d22380,1,Cold (1-2 pairs)
7f32e8fd25c0,7,Warm (3-10 pairs)
7f32e9063300,2,Cold (1-2 pairs)
7f32e9063340,1,Cold (1-2 pairs)
7f32e908ddc0,1,Cold (1-2 pairs)
7f32e9090e40,1,Cold (1-2 pairs)
7f32e92dcf00,3,Warm (3-10 pairs)
7f32e94739c0,2,Cold (1-2 pairs)
7f32e94b2300,4,Warm (3-10 pairs)
7f32e9507480,1,Cold (1-2 pairs)
7f32e9507800,1,Cold (1-2 pairs)
7f32e9507bc0,1,Cold (1-2 pairs)
7f32e9507c40,2,Cold (1-2 pairs)
7f32e9507cc0,1,Cold (1-2 pairs)
7f32e9507d00,2,Cold (1-2 pairs)
7f32e9507d40,1,Cold (1-2 pairs)
7f32e95083c0,1,Cold (1-2 pairs)
7f32e9513b80,2,Cold (1-2 pairs)
7f32e9514b40,1,Cold (1-2 pairs)
7f32e9845d80,1,Cold (1-2 pairs)
7f32e9cc4e80,3,Warm (3-10 pairs)
7f32e9cc5280,1,Cold (1-2 pairs)
7f32e9cc5680,9,Warm (3-10 pairs)
7f32e9ccd280,1,Cold (1-2 pairs)
7f32e9ed8900,10,Warm (3-10 pairs)
7f32e9ed8980,8,Warm (3-10 pairs)
7f32e9ef1340,14,Hot (11+ pairs)
7f32e9ef13c0,1,Cold (1-2 pairs)
7f32e9ef1480,7,Warm (3-10 pairs)
7f32e9ef1580,38,Hot (11+ pairs)
7f32e9ef15c0,7,Warm (3-10 pairs)
7f32e9ef1600,2,Cold (1-2 pairs)
7f32e9ef1a00,1,Cold (1-2 pairs)
7f32e9ef1a80,1,Cold (1-2 pairs)
7f32e9ef5a40,1,Cold (1-2 pairs)
7f32e9ef5a80,7,Warm (3-10 pairs)
7f32e9ef5ac0,1,Cold (1-2 pairs)
7f32e9ef5b00,1,Cold (1-2 pairs)
7f32e9ef5d40,1,Cold (1-2 pairs)
7f32e9efba80,2,Cold (1-2 pairs)
7f32e9efbac0,1,Cold (1-2 pairs)
7f32e9effa80,16,Hot (11+ pairs)
7f32ea1ab340,7,Warm (3-10 pairs)
7f32ea1ab380,1,Cold (1-2 pairs)
7f32ea1b3680,5,Warm (3-10 pairs)
7f32ea1b36c0,5,Warm (3-10 pairs)
7f32ea1b3700,4,Warm (3-10 pairs)
7f32ea1b3780,2,Cold (1-2 pairs)
7f32ea202c40,10,Warm (3-10 pairs)
7f32ea202c80,2,Cold (1-2 pairs)
7f32ea208b40,7,Warm (3-10 pairs)
7f32ea21d4c0,8,Warm (3-10 pairs)
7f32ea21d8c0,30,Hot (11+ pairs)
7f32ea2a7300,14,Hot (11+ pairs)
7f32ea2b2680,14,Hot (11+ pairs)
7f32ea2b26c0,4,Warm (3-10 pairs)
7f32ea2b2740,1,Cold (1-2 pairs)
7f32ea2b3600,1,Cold (1-2 pairs)
7f32ea2b7200,8,Warm (3-10 pairs)
7f32ea2b7240,2,Cold (1-2 pairs)
7f32ea2b72c0,3,Warm (3-10 pairs)
7f32ea2bc000,1,Cold (1-2 pairs)
7f32ea2bc0c0,1,Cold (1-2 pairs)
7f32ea30a600,3,Warm (3-10 pairs)
7f32ea30a6c0,4,Warm (3-10 pairs)
7f32ea30b340,1,Cold (1-2 pairs)
7f32ea30b3c0,1,Cold (1-2 pairs)
7f32ea5ddf00,1,Cold (1-2 pairs)
7f32ea5dfa00,2,Cold (1-2 pairs)
7f32ea5dfa40,1,Cold (1-2 pairs)
7f32ea5e8dc0,9,Warm (3-10 pairs)
7f32ea5ea640,6,Warm (3-10 pairs)
7f32ea5ec140,1,Cold (1-2 pairs)
7f32ea5ec3c0,2,Cold (1-2 pairs)
7f32ea5ec540,1,Cold (1-2 pairs)
7f32ea5f73c0,1,Cold (1-2 pairs)
7f32ea603900,3,Warm (3-10 pairs)
7f32ea603940,1,Cold (1-2 pairs)
7f32ea603980,1,Cold (1-2 pairs)
7f34ea64f000,4,Warm (3-10 pairs)
7f34ea64f240,1,Cold (1-2 pairs)
7f34ea64f280,2,Cold (1-2 pairs)
7f34ea64f3c0,2,Cold (1-2 pairs)
7f34ea64f5c0,3,Warm (3-10 pairs)
7f34ea64f600,1,Cold (1-2 pairs)
7f34ea64f8c0,1,Cold (1-2 pairs)
7f34ea64f9c0,14,Hot (11+ pairs)
7f34ea64fa00,1,Cold (1-2 pairs)
7f34ea64fa40,2,Cold (1-2 pairs)
7f34ea64fa80,4,Warm (3-10 pairs)
7f34ea64fb00,2,Cold (1-2 pairs)
7f34ea64fb40,1,Cold (1-2 pairs)
7f34ea64fec0,2,Cold (1-2 pairs)
7f34ea64ff00,1,Cold (1-2 pairs)
7f34ea673000,1,Cold (1-2 pairs)
7f34ea673040,1,Cold (1-2 pairs)
7f34ea673480,1,Cold (1-2 pairs)
7f34ea6734c0,4,Warm (3-10 pairs)
7f34ea673500,3,Warm (3-10 pairs)
7f34ea673580,1,Cold (1-2 pairs)
7f34ea673880,1,Cold (1-2 pairs)
7f34ea673980,1,Cold (1-2 pairs)
7f34ea6739c0,1,Cold (1-2 pairs)
7f34ea673f40,1,Cold (1-2 pairs)
7f34ea674240,2,Cold (1-2 pairs)
7f34ea674280,7,Warm (3-10 pairs)
7f34ea6742c0,2,Cold (1-2 pairs)
7f34ea674340,3,Warm (3-10 pairs)
7f34ea674680,4,Warm (3-10 pairs)
7f34ea674780,2,Cold (1-2 pairs)
7f34ea674c00,1,Cold (1-2 pairs)
7f34ea674cc0,1,Cold (1-2 pairs)
7f34ea675040,2,Cold (1-2 pairs)
7f34ea677d00,1,Cold (1-2 pairs)
7f34ea677d40,2,Cold (1-2 pairs)
7f34ea67c500,3,Warm (3-10 pairs)
7f34ea67c540,2,Cold (1-2 pairs)
7f34ea67c580,1,Cold (1-2 pairs)
7f34ea67c5c0,5,Warm (3-10 pairs)
7f34ea67c600,38,Hot (11+ pairs)
7f34ea67c640,10,Warm (3-10 pairs)
7f34ea67c680,25,Hot (11+ pairs)
7f34ea67c6c0,69,Hot (11+ pairs)
7f34ea67c700,4,Warm (3-10 pairs)
7f34ea67c740,2,Cold (1-2 pairs)
7f34ea67c780,14,Hot (11+ pairs)
7f34ea67c7c0,1,Cold (1-2 pairs)
7f34ea67c800,13,Hot (11+ pairs)
7f34ea67c840,9,Warm (3-10 pairs)
7f34ea67c8c0,1,Cold (1-2 pairs)
7f34ea67c900,1,Cold (1-2 pairs)
7f34ea67ca80,1,Cold (1-2 pairs)
7f34ea67cb00,1,Cold (1-2 pairs)
7f34ea67cc40,1,Cold (1-2 pairs)
7f34ea67ce40,12,Hot (11+ pairs)
7f34ea67ce80,9,Warm (3-10 pairs)
7f34ea67cec0,2,Cold (1-2 pairs)
7f34ea67cf00,7,Warm (3-10 pairs)
7f34ea67cf40,3,Warm (3-10 pairs)
7f34ea67cf80,1,Cold (1-2 pairs)
7f34ea67cfc0,2,Cold (1-2 pairs)
7f34ea67d000,4,Warm (3-10 pairs)
7f34ea67d040,16,Hot (11+ pairs)
7f34ea67d940,3,Warm (3-10 pairs)
7f34ea67d980,4,Warm (3-10 pairs)
7f34ea67d9c0,12,Hot (11+ pairs)
7f34ea67da00,10,Warm (3-10 pairs)
7f34ea67da40,11,Hot (11+ pairs)
7f34ea67da80,4,Warm (3-10 pairs)
7f34ea67dac0,5,Warm (3-10 pairs)
7f34ea67db00,2,Cold (1-2 pairs)
7f34ea67db40,2,Cold (1-2 pairs)
7f34ea67db80,2,Cold (1-2 pairs)
7f34ea67dbc0,2,Cold (1-2 pairs)
7f34ea67dc80,2,Cold (1-2 pairs)
7f34ea67dd00,8,Warm (3-10 pairs)
7f34ea67dd80,1,Cold (1-2 pairs)
7f34ea67de00,2,Cold (1-2 pairs)
7f34ea67df40,5,Warm (3-10 pairs)
7f34ea67df80,11,Hot (11+ pairs)
7f34ea67dfc0,4,Warm (3-10 pairs)
7f34ea67e000,3,Warm (3-10 pairs)
7f34ea67e040,5,Warm (3-10 pairs)
7f34ea67e0c0,12,Hot (11+ pairs)
7f34ea67e100,4,Warm (3-10 pairs)
7f34ea67e140,4,Warm (3-10 pairs)
7f34ea67e180,22,Hot (11+ pairs)
7f34ea67e1c0,10,Warm (3-10 pairs)
7f34ea67e200,1,Cold (1-2 pairs)
7f34ea67e240,3,Warm (3-10 pairs)
7f34ea67e280,2,Cold (1-2 pairs)
7f34ea67e2c0,3,Warm (3-10 pairs)
7f34ea67e300,1,Cold (1-2 pairs)
7f34ea67e340,4,Warm (3-10 pairs)
7f34ea67e3c0,1,Cold (1-2 pairs)
7f34ea67e440,8,Warm (3-10 pairs)
7f34ea67e480,22,Hot (11+ pairs)
7f34ea67e4c0,7,Warm (3-10 pairs)
7f34ea67e500,1,Cold (1-2 pairs)
7f34ea67e540,6,Warm (3-10 pairs)
7f34ea67e580,2,Cold (1-2 pairs)
7f34ea67e5c0,6,Warm (3-10 pairs)
7f34ea67e700,9,Warm (3-10 pairs)
7f34ea67e740,18,Hot (11+ pairs)
7f34ea67e780,7,Warm (3-10 pairs)
7f34ea67e800,1,Cold (1-2 pairs)
7f34ea67e840,2,Cold (1-2 pairs)
7f34ea67e9c0,4,Warm (3-10 pairs)
7f34ea67ea00,5,Warm (3-10 pairs)
7f34ea67ea40,7,Warm (3-10 pairs)
7f34ea67ea80,5,Warm (3-10 pairs)
7f34ea67eac0,2,Cold (1-2 pairs)
7f34ea67eb00,1,Cold (1-2 pairs)
7f34ea67eb40,1,Cold (1-2 pairs)
7f34ea67ec00,7,Warm (3-10 pairs)
7f34ea67ec40,1,Cold (1-2 pairs)
7f34ea67ecc0,1,Cold (1-2 pairs)
7f34ea67ed00,1,Cold (1-2 pairs)
7f34ea67ed80,1,Cold (1-2 pairs)
7f34ea67ef00,2,Cold (1-2 pairs)
7f34ea67ef40,5,Warm (3-10 pairs)
7f34ea67ef80,2,Cold (1-2 pairs)
7f34ea73d380,14,Hot (11+ pairs)
7f34ea76d300,1,Cold (1-2 pairs)
7f34ea76dec0,1,Cold (1-2 pairs)
7f34ea774b00,14,Hot (11+ pairs)
7f34ea876d00,1,Cold (1-2 pairs)
7f34ea885640,1,Cold (1-2 pairs)
7f34ea8da5c0,7,Warm (3-10 pairs)
7f34eabefd00,10,Warm (3-10 pairs)
7f34eac7d640,10,Warm (3-10 pairs)
7f34eaca4540,1,Cold (1-2 pairs)
7f34eaca45c0,14,Hot (11+ pairs)
7f34eaca4600,16,Hot (11+ pairs)
7f34eacacd00,14,Hot (11+ pairs)
7f34eacacd40,3,Warm (3-10 pairs)
7f34ead35300,7,Warm (3-10 pairs)
7f34eae03000,1,Cold (1-2 pairs)
7f34eae44ec0,2,Cold (1-2 pairs)
7f34eae44fc0,1,Cold (1-2 pairs)
7f34eae46a00,1,Cold (1-2 pairs)
7f34eae49580,1,Cold (1-2 pairs)
7f34eae4d940,1,Cold (1-2 pairs)
7f34eae4e000,14,Hot (11+ pairs)
7f34eae4e080,6,Warm (3-10 pairs)
7f34eae4e0c0,2,Cold (1-2 pairs)
7f34eae4e100,5,Warm (3-10 pairs)
7f34eae4e180,2,Cold (1-2 pairs)
7f34eae4e1c0,11,Hot (11+ pairs)
7f34eae4e200,6,Warm (3-10 pairs)
7f34eae4e300,5,Warm (3-10 pairs)
7f34eae4e340,3,Warm (3-10 pairs)
7f34eae4e380,1,Cold (1-2 pairs)
7f34eae4e3c0,1,Cold (1-2 pairs)
7f34eae4e400,1,Cold (1-2 pairs)
7f34eae4e500,1,Cold (1-2 pairs)
7f34eae4e540,1,Cold (1-2 pairs)
7f34eae4e580,1,Cold (1-2 pairs)
7f34eae4f7c0,2,Cold (1-2 pairs)
7f34eae50000,5,Warm (3-10 pairs)
7f34eae503c0,1,Cold (1-2 pairs)
7f34eae50400,1,Cold (1-2 pairs)
7f34eae50c80,17,Hot (11+ pairs)
7f34eae50cc0,48,Hot (11+ pairs)
7f34eae50d00,26,Hot (11+ pairs)
7f34eae50d80,5,Warm (3-10 pairs)
7f34eae50e40,3,Warm (3-10 pairs)
7f34eae50e80,2,Cold (1-2 pairs)
7f34eae50ec0,18,Hot (11+ pairs)
7f34eae50f00,2,Cold (1-2 pairs)
7f34eae51000,1,Cold (1-2 pairs)
7f34eae51040,3,Warm (3-10 pairs)
7f34eae51180,1,Cold (1-2 pairs)
7f34eae51240,6,Warm (3-10 pairs)
7f34eae51300,4,Warm (3-10 pairs)
7f34eae514c0,3,Warm (3-10 pairs)
7f34eae515c0,4,Warm (3-10 pairs)
7f34eae51d40,1,Cold (1-2 pairs)
7f34eae52000,1,Cold (1-2 pairs)
7f34eae53000,4,Warm (3-10 pairs)
7f34eae53040,6,Warm (3-10 pairs)
7f34eae53080,9,Warm (3-10 pairs)
7f34eae530c0,1,Cold (1-2 pairs)
7f34eae53600,14,Hot (11+ pairs)
7f34eae53640,1,Cold (1-2 pairs)
7f34eae53800,1,Cold (1-2 pairs)
7f34eae538c0,2,Cold (1-2 pairs)
7f34eae54040,2,Cold (1-2 pairs)
7f34eae54080,2,Cold (1-2 pairs)
7f34eae54200,4,Warm (3-10 pairs)
7f34eae54240,6,Warm (3-10 pairs)
7f34eae54280,1,Cold (1-2 pairs)
7f34eae54540,1,Cold (1-2 pairs)
7f34eae54b00,1,Cold (1-2 pairs)
7f34eae566c0,1,Cold (1-2 pairs)
7f34eae56700,2,Cold (1-2 pairs)
7f34eae56a40,1,Cold (1-2 pairs)
7f34eae58540,1,Cold (1-2 pairs)
7f34eae58600,1,Cold (1-2 pairs)
7f34eae586c0,1,Cold (1-2 pairs)
7f34eae59000,1,Cold (1-2 pairs)
7f34eae59080,1,Cold (1-2 pairs)
7f34eae59100,2,Cold (1-2 pairs)
7f34eae59140,1,Cold (1-2 pairs)
7f34eae591c0,1,Cold (1-2 pairs)
7f34eae5b100,1,Cold (1-2 pairs)
7f34eae623c0,2,Cold (1-2 pairs)
7f34eae62440,1,Cold (1-2 pairs)
7f34eae626c0,4,Warm (3-10 pairs)
7f34eae627c0,1,Cold (1-2 pairs)
7f34eae62c40,1,Cold (1-2 pairs)
7f34eae65780,8,Warm (3-10 pairs)
7f34eae657c0,11,Hot (11+ pairs)
7f34eae65800,2,Cold (1-2 pairs)
7f34eae65840,2,Cold (1-2 pairs)
7f34eae65c80,1,Cold (1-2 pairs)
7f34eae66100,1,Cold (1-2 pairs)
7f34eae66a00,1,Cold (1-2 pairs)
7f34eae67340,1,Cold (1-2 pairs)
7f34eae68000,3,Warm (3-10 pairs)
7f34eae68380,3,Warm (3-10 pairs)
7f34eae68800,1,Cold (1-2 pairs)
7f34eae68d40,3,Warm (3-10 pairs)
7f34eae68dc0,4,Warm (3-10 pairs)
7f34eae68e00,5,Warm (3-10 pairs)
7f34eae68f00,1,Cold (1-2 pairs)
7f34eae69000,22,Hot (11+ pairs)
7f34eae69080,25,Hot (11+ pairs)
7f34eae690c0,12,Hot (11+ pairs)
7f34eae69140,11,Hot (11+ pairs)
7f34eae69180,9,Warm (3-10 pairs)
7f34eae691c0,5,Warm (3-10 pairs)
7f34eae69200,5,Warm (3-10 pairs)
7f34eae69240,1,Cold (1-2 pairs)
7f34eae692c0,4,Warm (3-10 pairs)
7f34eae69340,9,Warm (3-10 pairs)
7f34eae69380,5,Warm (3-10 pairs)
7f34eae693c0,1,Cold (1-2 pairs)
7f34eae69400,3,Warm (3-10 pairs)
7f34eae69440,3,Warm (3-10 pairs)
7f34eae694c0,1,Cold (1-2 pairs)
7f34eae69540,2,Cold (1-2 pairs)
7f34eae695c0,22,Hot (11+ pairs)
7f34eae69600,16,Hot (11+ pairs)
7f34eae69640,10,Warm (3-10 pairs)
7f34eae69680,10,Warm (3-10 pairs)
7f34eae696c0,8,Warm (3-10 pairs)
7f34eae69700,8,Warm (3-10 pairs)
7f34eae69740,4,Warm (3-10 pairs)
7f34eae697c0,5,Warm (3-10 pairs)
7f34eae69a80,1,Cold (1-2 pairs)
7f34eae69bc0,2,Cold (1-2 pairs)
7f34eae69c40,1,Cold (1-2 pairs)
7f34eae69dc0,1,Cold (1-2 pairs)
7f34eae69f00,11,Hot (11+ pairs)
7f34eae69f40,15,Hot (11+ pairs)
7f34eae69f80,5,Warm (3-10 pairs)
7f34eae6f000,9,Warm (3-10 pairs)
7f34eae6f040,5,Warm (3-10 pairs)
7f34eae6f080,1,Cold (1-2 pairs)
7f34eae6f0c0,4,Warm (3-10 pairs)
7f34eae6f100,7,Warm (3-10 pairs)
7f34eae6f140,15,Hot (11+ pairs)
7f34eae6f1c0,2,Cold (1-2 pairs)
7f34eae6f280,1,Cold (1-2 pairs)
7f34eae6f380,13,Hot (11+ pairs)
7f34eae6f400,1,Cold (1-2 pairs)
7f34eae71000,10,Warm (3-10 pairs)
7f34eae71080,1,Cold (1-2 pairs)
7f34eae710c0,2,Cold (1-2 pairs)
7f34eae71100,4,Warm (3-10 pairs)
7f34eae71140,1,Cold (1-2 pairs)
7f34eae71280,9,Warm (3-10 pairs)
7f34eae712c0,8,Warm (3-10 pairs)
7f34eae71300,1,Cold (1-2 pairs)
7f34eae713c0,1,Cold (1-2 pairs)
7f34eae71540,1,Cold (1-2 pairs)
7f34eae71700,1,Cold (1-2 pairs)
7f34eae71ac0,1,Cold (1-2 pairs)
7f34eae71c00,1,Cold (1-2 pairs)
7f34eae71e40,7,Warm (3-10 pairs)
7f34eae71e80,1,Cold (1-2 pairs)
7f34eae71ec0,2,Cold (1-2 pairs)
7f34eae72000,1,Cold (1-2 pairs)
7f34eae72100,16,Hot (11+ pairs)
7f34eae72140,20,Hot (11+ pairs)
7f34eae72180,5,Warm (3-10 pairs)
7f34eae721c0,3,Warm (3-10 pairs)
7f34eae72200,1,Cold (1-2 pairs)
7f34eae72240,3,Warm (3-10 pairs)
7f34eae72280,1,Cold (1-2 pairs)
7f34eae722c0,2,Cold (1-2 pairs)
7f34eae72380,18,Hot (11+ pairs)
7f34eae723c0,2,Cold (1-2 pairs)
7f34eae724c0,5,Warm (3-10 pairs)
7f34eae72540,1,Cold (1-2 pairs)
7f34eae725c0,5,Warm (3-10 pairs)
7f34eae72980,2,Cold (1-2 pairs)
7f34eae72a00,2,Cold (1-2 pairs)
7f34eae72a80,2,Cold (1-2 pairs)
7f34eae73000,1,Cold (1-2 pairs)
7f34eae73140,1,Cold (1-2 pairs)
7f34eae73480,1,Cold (1-2 pairs)
7f34eae734c0,1,Cold (1-2 pairs)
7f34eae73540,1,Cold (1-2 pairs)
7f34eae73940,1,Cold (1-2 pairs)
7f34eae73f00,1,Cold (1-2 pairs)
7f34eae74000,1,Cold (1-2 pairs)
7f34eae74180,1,Cold (1-2 pairs)
7f34eae74c40,11,Hot (11+ pairs)
7f34eae74c80,22,Hot (11+ pairs)
7f34eae74d00,3,Warm (3-10 pairs)
7f34eae74d40,6,Warm (3-10 pairs)
7f34eae74d80,7,Warm (3-10 pairs)
7f34eae74dc0,10,Warm (3-10 pairs)
7f34eae74e00,8,Warm (3-10 pairs)
7f34eae74e40,19,Hot (11+ pairs)
7f34eae74e80,5,Warm (3-10 pairs)
7f34eae74ec0,13,Hot (11+ pairs)
7f34eae74f00,4,Warm (3-10 pairs)
7f34eae74f40,2,Cold (1-2 pairs)
7f34eae75000,1,Cold (1-2 pairs)
7f34eae75080,4,Warm (3-10 pairs)
7f34eae75180,2,Cold (1-2 pairs)
7f34eae752c0,1,Cold (1-2 pairs)
7f34eae75600,2,Cold (1-2 pairs)
7f34eae756c0,3,Warm (3-10 pairs)
7f34eae75700,1,Cold (1-2 pairs)
7f34eae75740,2,Cold (1-2 pairs)
7f34eae75a80,2,Cold (1-2 pairs)
7f34eae75b00,2,Cold (1-2 pairs)
7f34eae75b40,1,Cold (1-2 pairs)
7f34eae75bc0,1,Cold (1-2 pairs)
7f34eae76140,1,Cold (1-2 pairs)
7f34eae76680,5,Warm (3-10 pairs)
7f34eae76780,6,Warm (3-10 pairs)
7f34eae76800,1,Cold (1-2 pairs)
7f34eae76840,5,Warm (3-10 pairs)
7f34eae76880,4,Warm (3-10 pairs)
7f34eae768c0,4,Warm (3-10 pairs)
7f34eae76900,6,Warm (3-10 pairs)
7f34eae76b40,1,Cold (1-2 pairs)
7f34eae76dc0,1,Cold (1-2 pairs)
7f34eae76e00,1,Cold (1-2 pairs)
7f34eae76e40,1,Cold (1-2 pairs)
7f34eae77ec0,2,Cold (1-2 pairs)
7f34eae79680,2,Cold (1-2 pairs)
7f34eae79900,4,Warm (3-10 pairs)
7f34eae79940,4,Warm (3-10 pairs)
7f34eae79980,3,Warm (3-10 pairs)
7f34eae799c0,5,Warm (3-10 pairs)
7f34eae79a00,3,Warm (3-10 pairs)
7f34eae79a40,3,Warm (3-10 pairs)
7f34eae7a3c0,1,Cold (1-2 pairs)
7f34eae7a5c0,1,Cold (1-2 pairs)
7f34eae7ab80,1,Cold (1-2 pairs)
7f34eae7b000,1,Cold (1-2 pairs)
7f34eae7b540,1,Cold (1-2 pairs)
7f34eae7b5c0,1,Cold (1-2 pairs)
7f34eae7c2c0,1,Cold (1-2 pairs)
7f34eae7d700,2,Cold (1-2 pairs)
7f34eae7da00,1,Cold (1-2 pairs)
7f34eae7da80,1,Cold (1-2 pairs)
7f34eae7f140,1,Cold (1-2 pairs)
7f34eae81cc0,1,Cold (1-2 pairs)
7f34eae81d00,3,Warm (3-10 pairs)
7f34eae82f40,1,Cold (1-2 pairs)
7f34eae82f80,1,Cold (1-2 pairs)
7f34eae83c40,1,Cold (1-2 pairs)
7f34eae83c80,1,Cold (1-2 pairs)
7f34eae83d00,1,Cold (1-2 pairs)
7f34eae86600,1,Cold (1-2 pairs)
7f34eae90c00,2,Cold (1-2 pairs)
7f34eae90c40,2,Cold (1-2 pairs)
7f34eae90d00,2,Cold (1-2 pairs)
7f34eae913c0,2,Cold (1-2 pairs)
7f34eae915c0,1,Cold (1-2 pairs)
7f34eae928c0,6,Warm (3-10 pairs)
7f34eae92900,1,Cold (1-2 pairs)
7f34eae92980,2,Cold (1-2 pairs)
7f34eae929c0,2,Cold (1-2 pairs)
7f34eae92a80,1,Cold (1-2 pairs)
7f34eae92ac0,1,Cold (1-2 pairs)
7f34eae92c00,1,Cold (1-2 pairs)
7f34eae92c40,9,Warm (3-10 pairs)
7f34eae92cc0,2,Cold (1-2 pairs)
7f34eae93880,1,Cold (1-2 pairs)
7f34eae94400,1,Cold (1-2 pairs)
7f34eae946c0,2,Cold (1-2 pairs)
7f34eae94700,3,Warm (3-10 pairs)
7f34eae94cc0,2,Cold (1-2 pairs)
7f34eae97040,1,Cold (1-2 pairs)
7f34eae97200,4,Warm (3-10 pairs)
7f34eae972c0,1,Cold (1-2 pairs)
7f34eae97700,3,Warm (3-10 pairs)
7f34eae99600,1,Cold (1-2 pairs)
7f34eae9f200,1,Cold (1-2 pairs)
7f34eaea8700,1,Cold (1-2 pairs)
7f34eaea8800,1,Cold (1-2 pairs)
7f34eaea8e00,1,Cold (1-2 pairs)
7f34eaeb1500,1,Cold (1-2 pairs)
7f34eaeb1600,4,Warm (3-10 pairs)
7f34eaeb7700,1,Cold (1-2 pairs)
7f34eaebd1c0,1,Cold (1-2 pairs)
7f34eaebec40,1,Cold (1-2 pairs)
7f34eaec0740,4,Warm (3-10 pairs)
7f34eaec07c0,4,Warm (3-10 pairs)
7f34eaec2980,1,Cold (1-2 pairs)
7f34eaec29c0,1,Cold (1-2 pairs)
7f34eaec5580,1,Cold (1-2 pairs)
7f34eaec5640,1,Cold (1-2 pairs)
7f34eaec58c0,1,Cold (1-2 pairs)
7f34eaec6500,1,Cold (1-2 pairs)
7f34eaec8800,1,Cold (1-2 pairs)
7f34eaed0900,1,Cold (1-2 pairs)
7f34eaed2b00,1,Cold (1-2 pairs)
7f34eaed4300,1,Cold (1-2 pairs)
7f34eaed5c00,1,Cold (1-2 pairs)
7f34eaee2880,1,Cold (1-2 pairs)
7f34eaee28c0,1,Cold (1-2 pairs)
7f34eaeec340,7,Warm (3-10 pairs)
7f34eaeef900,1,Cold (1-2 pairs)
7f34eaeef9c0,1,Cold (1-2 pairs)
7f34eaef1d00,3,Warm (3-10 pairs)
7f34eaef1f40,6,Warm (3-10 pairs)
7f34eaef34c0,1,Cold (1-2 pairs)
7f34eaef3b80,1,Cold (1-2 pairs)
7f34eaef9a00,1,Cold (1-2 pairs)
7f34eaef9e80,1,Cold (1-2 pairs)
7f34eaefac80,1,Cold (1-2 pairs)
7f34eaf019c0,1,Cold (1-2 pairs)
7f34eaf06000,2,Cold (1-2 pairs)
7f34eaf06100,1,Cold (1-2 pairs)
7f34eaf0d600,1,Cold (1-2 pairs)
7f34eaf0ef80,1,Cold (1-2 pairs)
7f34eaf161c0,1,Cold (1-2 pairs)
7f34eaf19d00,2,Cold (1-2 pairs)
7f34eaf19d40,2,Cold (1-2 pairs)
7f34eaf19dc0,16,Hot (11+ pairs)
7f34eaf22e00,1,Cold (1-2 pairs)
7f34eaf2ea00,1,Cold (1-2 pairs)
7f34eaf35400,1,Cold (1-2 pairs)
7f34eaf35700,1,Cold (1-2 pairs)
7f34eaf35800,1,Cold (1-2 pairs)
7f34eaf35900,1,Cold (1-2 pairs)
7f34eaf35a00,1,Cold (1-2 pairs)
7f34eaf35b00,1,Cold (1-2 pairs)
7f34eaf35c00,1,Cold (1-2 pairs)
7f34eaf35e00,1,Cold (1-2 pairs)
7f34eaf39200,1,Cold (1-2 pairs)
7f34eaf39280,2,Cold (1-2 pairs)
7f34eb04ebc0,1,Cold (1-2 pairs)
7f34eb04fb80,1,Cold (1-2 pairs)
7f34eb052040,4,Warm (3-10 pairs)
7f34eb052080,1,Cold (1-2 pairs)
7f34eb052100,1,Cold (1-2 pairs)
7f34eb052180,4,Warm (3-10 pairs)
7f34eb053000,1,Cold (1-2 pairs)
7f34eb0547c0,4,Warm (3-10 pairs)
7f34eb0553c0,1,Cold (1-2 pairs)
7f34eb056440,1,Cold (1-2 pairs)
7f34eb056c80,1,Cold (1-2 pairs)
7f34eb057140,1,Cold (1-2 pairs)
7f34eb059580,1,Cold (1-2 pairs)
7f34eb05fa80,1,Cold (1-2 pairs)
7f34eb064640,1,Cold (1-2 pairs)
7f34eb0646c0,1,Cold (1-2 pairs)
7f34eb065e00,4,Warm (3-10 pairs)
7f34eb065e40,1,Cold (1-2 pairs)
7f34eb065e80,1,Cold (1-2 pairs)
7f34eb065ec0,1,Cold (1-2 pairs)
7f34eb065f40,2,Cold (1-2 pairs)
7f34eb066280,1,Cold (1-2 pairs)
7f34eb0662c0,1,Cold (1-2 pairs)
7f34eb067200,2,Cold (1-2 pairs)
7f34eb067240,1,Cold (1-2 pairs)
7f34eb067680,2,Cold (1-2 pairs)
7f34eb0676c0,1,Cold (1-2 pairs)
7f34eb06e800,4,Warm (3-10 pairs)
7f34eb06e840,1,Cold (1-2 pairs)
7f34eb06f040,1,Cold (1-2 pairs)
7f34eb06f080,2,Cold (1-2 pairs)
7f34eb06f100,4,Warm (3-10 pairs)
7f34eb06f240,1,Cold (1-2 pairs)
7f34eb06f380,1,Cold (1-2 pairs)
7f34eb06f3c0,1,Cold (1-2 pairs)
7f34eb06f440,1,Cold (1-2 pairs)
7f34eb1e8440,2,Cold (1-2 pairs)
7f34eb1e8480,4,Warm (3-10 pairs)
7f34eb1e95c0,1,Cold (1-2 pairs)
7f34eb1e9680,1,Cold (1-2 pairs)
7f34eb1ea400,1,Cold (1-2 pairs)
7f34eb1f7440,1,Cold (1-2 pairs)
7f34eb1f74c0,1,Cold (1-2 pairs)
7f34eb1fc280,1,Cold (1-2 pairs)
7f34eb1fc300,1,Cold (1-2 pairs)
7f34eb1fd840,1,Cold (1-2 pairs)
7f34eb1fd8c0,1,Cold (1-2 pairs)
7f34eb1fe940,1,Cold (1-2 pairs)
7f34eb2021c0,4,Warm (3-10 pairs)
7f34eb203fc0,7,Warm (3-10 pairs)
7f34eb206080,1,Cold (1-2 pairs)
7f34eb206480,1,Cold (1-2 pairs)
7f34eb206540,3,Warm (3-10 pairs)
7f34eb2065c0,1,Cold (1-2 pairs)
7f34eb20a000,2,Cold (1-2 pairs)
7f34eb20a940,2,Cold (1-2 pairs)
7f34eb20a980,1,Cold (1-2 pairs)
7f34eb20c500,1,Cold (1-2 pairs)
7f34eb236780,1,Cold (1-2 pairs)
7f34eb236bc0,5,Warm (3-10 pairs)
7f34eb2376c0,1,Cold (1-2 pairs)
7f34eb237700,10,Warm (3-10 pairs)
7f34eb237740,1,Cold (1-2 pairs)
7f34eb237780,1,Cold (1-2 pairs)
7f34eb237900,1,Cold (1-2 pairs)
7f34eb2398c0,1,Cold (1-2 pairs)
7f34eb2399c0,2,Cold (1-2 pairs)
7f34eb239b80,2,Cold (1-2 pairs)
7f34eb239bc0,4,Warm (3-10 pairs)
7f34eb239c00,3,Warm (3-10 pairs)
7f34eb239c40,3,Warm (3-10 pairs)
7f34eb239c80,1,Cold (1-2 pairs)
7f34eb239cc0,1,Cold (1-2 pairs)
7f34eb239d00,1,Cold (1-2 pairs)
7f34eb239d40,13,Hot (11+ pairs)
7f34eb239d80,1,Cold (1-2 pairs)
7f34eb239dc0,12,Hot (11+ pairs)
7f34eb239e00,4,Warm (3-10 pairs)
7f34eb239e40,51,Hot (11+ pairs)
7f34eb239e80,10,Warm (3-10 pairs)
7f34eb239ec0,14,Hot (11+ pairs)
7f34eb239f00,6,Warm (3-10 pairs)
7f34eb239f40,1,Cold (1-2 pairs)
7f34eb239f80,3,Warm (3-10 pairs)
7f34eb239fc0,2,Cold (1-2 pairs)
7f34eb23a000,3,Warm (3-10 pairs)
7f34eb23a040,2,Cold (1-2 pairs)
7f34eb23a080,3,Warm (3-10 pairs)
7f34eb23a0c0,1,Cold (1-2 pairs)
7f34eb23a100,5,Warm (3-10 pairs)
7f34eb23a140,2,Cold (1-2 pairs)
7f34eb23a180,2,Cold (1-2 pairs)
7f34eb23a240,2,Cold (1-2 pairs)
7f34eb23a280,7,Warm (3-10 pairs)
7f34eb23a2c0,15,Hot (11+ pairs)
7f34eb23a700,4,Warm (3-10 pairs)
7f34eb23aa40,1,Cold (1-2 pairs)
7f34eb23ab40,5,Warm (3-10 pairs)
7f34eb23ab80,11,Hot (11+ pairs)
7f34eb23abc0,24,Hot (11+ pairs)
7f34eb23ac00,2,Cold (1-2 pairs)
7f34eb23ae40,1,Cold (1-2 pairs)
7f34eb23afc0,5,Warm (3-10 pairs)
7f34eb23b0c0,1,Cold (1-2 pairs)
7f34eb23b280,1,Cold (1-2 pairs)
7f34eb23b340,1,Cold (1-2 pairs)
7f34eb23b3c0,8,Warm (3-10 pairs)
7f34eb23b400,15,Hot (11+ pairs)
7f34eb23b480,5,Warm (3-10 pairs)
7f34eb23b500,4,Warm (3-10 pairs)
7f34eb23b540,2,Cold (1-2 pairs)
7f34eb23b5c0,2,Cold (1-2 pairs)
7f34eb23b600,1,Cold (1-2 pairs)
7f34eb23b680,1,Cold (1-2 pairs)
7f34eb23b740,1,Cold (1-2 pairs)
7f34eb23b780,1,Cold (1-2 pairs)
7f34eb23bb40,1,Cold (1-2 pairs)
7f34eb23bc80,4,Warm (3-10 pairs)
7f34eb23c780,1,Cold (1-2 pairs)
7f34eb23ce40,3,Warm (3-10 pairs)
7f34eb23ce80,14,Hot (11+ pairs)
7f34eb23d600,2,Cold (1-2 pairs)
7f34eb23f180,1,Cold (1-2 pairs)
7f34eb23f240,8,Warm (3-10 pairs)
7f34eb23f2c0,3,Warm (3-10 pairs)
7f34eb23f300,2,Cold (1-2 pairs)
7f34eb23f480,13,Hot (11+ pairs)
7f34eb24b380,1,Cold (1-2 pairs)
7f34eb24b3c0,1,Cold (1-2 pairs)
7f34eb24bd00,1,Cold (1-2 pairs)
7f34eb24c180,1,Cold (1-2 pairs)
7f34eb24c1c0,1,Cold (1-2 pairs)
7f34eb24c300,1,Cold (1-2 pairs)
7f34eb38de40,1,Cold (1-2 pairs)
7f34eb38dec0,1,Cold (1-2 pairs)
7f34eb38dfc0,17,Hot (11+ pairs)
7f34eb391c00,2,Cold (1-2 pairs)
7f34eb5a5dc0,1,Cold (1-2 pairs)
7f34eb5a5fc0,1,Cold (1-2 pairs)
7f34eb5e9000,3,Warm (3-10 pairs)
7f34eb5e9040,7,Warm (3-10 pairs)
7f34eb5e9080,1,Cold (1-2 pairs)
7f34eb5eb480,1,Cold (1-2 pairs)
7f34eb756d40,1,Cold (1-2 pairs)
7f34eb756d80,2,Cold (1-2 pairs)
7f34eb756e00,5,Warm (3-10 pairs)
7f34eb756e40,1,Cold (1-2 pairs)
7f34eb756e80,3,Warm (3-10 pairs)
7f34eb756ec0,2,Cold (1-2 pairs)
7f34eb971000,6,Warm (3-10 pairs)
7f34eb973cc0,1,Cold (1-2 pairs)
7f34eb974c00,1,Cold (1-2 pairs)
7f34eb9868c0,1,Cold (1-2 pairs)
7f34eb9906c0,1,Cold (1-2 pairs)
7f34eb998680,7,Warm (3-10 pairs)
7f34eb9986c0,21,Hot (11+ pairs)
7f34eb998700,1,Cold (1-2 pairs)
7f34eb998ac0,67,Hot (11+ pairs)
7f34eb998b00,1,Cold (1-2 pairs)
7f34eb999400,1,Cold (1-2 pairs)
7f34eb999440,1,Cold (1-2 pairs)
7f34eb99b000,2,Cold (1-2 pairs)
7f34eb99b040,1,Cold (1-2 pairs)
7f34eb99b140,1,Cold (1-2 pairs)
7f34eb99b4c0,12,Hot (11+ pairs)
7f34eb99b500,2,Cold (1-2 pairs)
7f34eb99b540,8,Warm (3-10 pairs)
7f34eb99b580,1,Cold (1-2 pairs)
7f34eb99b5c0,7,Warm (3-10 pairs)
7f34eb99b600,1,Cold (1-2 pairs)
7f34eb99b640,1,Cold (1-2 pairs)
7f34eb99b6c0,1,Cold (1-2 pairs)
7f34eb99b780,2,Cold (1-2 pairs)
7f34eb99b7c0,5,Warm (3-10 pairs)
7f34eb99b800,9,Warm (3-10 pairs)
7f34eb99b840,4,Warm (3-10 pairs)
7f34eb99b880,1,Cold (1-2 pairs)
7f34eb99b8c0,3,Warm (3-10 pairs)
7f34eb99b900,3,Warm (3-10 pairs)
7f34eb99b940,4,Warm (3-10 pairs)
7f34eb99b980,1,Cold (1-2 pairs)
7f34eb99bb80,1,Cold (1-2 pairs)
7f34eb99bbc0,4,Warm (3-10 pairs)
7f34eb99bc00,9,Warm (3-10 pairs)
7f34eb99bc40,3,Warm (3-10 pairs)
7f34eb99c540,7,Warm (3-10 pairs)
7f34eb99c840,1,Cold (1-2 pairs)
7f34eb99c900,9,Warm (3-10 pairs)
7f34eb99ed80,1,Cold (1-2 pairs)
7f34eb9b7c80,1,Cold (1-2 pairs)
7f34eb9b7fc0,1,Cold (1-2 pairs)
7f34eb9bc7c0,1,Cold (1-2 pairs)
7f34eb9c0e40,1,Cold (1-2 pairs)
7f34eba3bf40,1,Cold (1-2 pairs)
7f34eba40c40,1,Cold (1-2 pairs)
7f34eba44840,1,Cold (1-2 pairs)
7f34eba44880,2,Cold (1-2 pairs)
7f34eba45c40,1,Cold (1-2 pairs)
7f34ebabbc00,2,Cold (1-2 pairs)
7f34ebabbc40,1,Cold (1-2 pairs)
7f34ebabbc80,3,Warm (3-10 pairs)
7f34ebabbcc0,3,Warm (3-10 pairs)
7f34ebabcf00,1,Cold (1-2 pairs)
7f34ebabcf40,2,Cold (1-2 pairs)
7f34ebabcf80,1,Cold (1-2 pairs)
7f34ebabd000,2,Cold (1-2 pairs)
7f34ebabd180,1,Cold (1-2 pairs)
7f34ebabe000,3,Warm (3-10 pairs)
7f34ebabf140,1,Cold (1-2 pairs)
7f34ebabf3c0,1,Cold (1-2 pairs)
7f34ebabf400,4,Warm (3-10 pairs)
7f34ebabfa00,1,Cold (1-2 pairs)
7f34ebabfd80,2,Cold (1-2 pairs)
7f34ebac24c0,2,Cold (1-2 pairs)
7f34ebac29c0,6,Warm (3-10 pairs)
7f34ebac2e00,1,Cold (1-2 pairs)
7f34ebac3600,1,Cold (1-2 pairs)
7f34ebac36c0,1,Cold (1-2 pairs)
7f34ebac3b80,1,Cold (1-2 pairs)
7f34ebac3bc0,1,Cold (1-2 pairs)
7f34ebac4000,9,Warm (3-10 pairs)
7f34ebac4040,3,Warm (3-10 pairs)
7f34ebd0d800,1,Cold (1-2 pairs)
7f34ebd0d840,1,Cold (1-2 pairs)
7f34ebd0d980,1,Cold (1-2 pairs)
7f34ebd0d9c0,2,Cold (1-2 pairs)
7f34ebd0da40,2,Cold (1-2 pairs)
7f34ebd11d40,1,Cold (1-2 pairs)
7f34ebd11d80,1,Cold (1-2 pairs)
7f34ebd11e00,1,Cold (1-2 pairs)
7f34ebd11f00,1,Cold (1-2 pairs)
7f34ebd11f80,1,Cold (1-2 pairs)
7f34ebd13000,3,Warm (3-10 pairs)
7f34ebd13080,3,Warm (3-10 pairs)
7f34ebd13100,10,Warm (3-10 pairs)
7f34ebd13140,1,Cold (1-2 pairs)
7f34ebd13180,9,Warm (3-10 pairs)
7f34ebd13200,2,Cold (1-2 pairs)
7f34ebd13240,2,Cold (1-2 pairs)
7f34ebd13280,1,Cold (1-2 pairs)
7f34ebd13300,1,Cold (1-2 pairs)
7f34ebd133c0,9,Warm (3-10 pairs)
7f34ebd13440,10,Warm (3-10 pairs)
7f34ebd13480,1,Cold (1-2 pairs)
7f34ebd134c0,3,Warm (3-10 pairs)
7f34ebd13500,2,Cold (1-2 pairs)
7f34ebd13540,2,Cold (1-2 pairs)
7f34ebd135c0,1,Cold (1-2 pairs)
7f34ebd13600,1,Cold (1-2 pairs)
7f34ebd13940,1,Cold (1-2 pairs)
7f34ebd13b40,1,Cold (1-2 pairs)
7f34ebd13e40,2,Cold (1-2 pairs)
7f34ebd13f80,3,Warm (3-10 pairs)
7f34ebd13fc0,1,Cold (1-2 pairs)
7f34ebd14000,1,Cold (1-2 pairs)
7f34ebd14880,1,Cold (1-2 pairs)
7f34ebd14ac0,2,Cold (1-2 pairs)
7f34ebd14d40,1,Cold (1-2 pairs)
7f34ebd14d80,1,Cold (1-2 pairs)
7ffe447c1700,1,Cold (1-2 pairs)
7ffe447c1980,11,Hot (11+ pairs)
7ffe447c19c0,1,Cold (1-2 pairs)
7ffe447c1a00,1,Cold (1-2 pairs)
7ffe447c1a40,2,Cold (1-2 pairs)
7ffe447c1a80,14,Hot (11+ pairs)
7ffe447c1ac0,3,Warm (3-10 pairs)
7ffe447c1b00,1,Cold (1-2 pairs)
7ffe447c1b80,3,Warm (3-10 pairs)
7ffe447c1bc0,14,Hot (11+ pairs)
7ffe447c1c00,9,Warm (3-10 pairs)
7ffe447c1c40,2,Cold (1-2 pairs)
7ffe447c1c80,8,Warm (3-10 pairs)
7ffe447c1cc0,2,Cold (1-2 pairs)
7ffe447c1d40,4,Warm (3-10 pairs)
7ffe447c1d80,19,Hot (11+ pairs)
7ffe447c1dc0,22,Hot (11+ pairs)
7ffe447c1e00,19,Hot (11+ pairs)
7ffe447c1e40,49,Hot (11+ pairs)
7ffe447c1e80,16,Hot (11+ pairs)
7ffe447c1ec0,11,Hot (11+ pairs)
7ffe447c1f00,34,Hot (11+ pairs)
7ffe447c1f40,47,Hot (11+ pairs)
7ffe447c1f80,12,Hot (11+ pairs)
7ffe447c1fc0,20,Hot (11+ pairs)
7ffe447c2000,15,Hot (11+ pairs)
7ffe447c2040,2,Cold (1-2 pairs)
7ffe447c2080,8,Warm (3-10 pairs)
7ffe447c20c0,6,Warm (3-10 pairs)
7ffe447c2100,9,Warm (3-10 pairs)
7ffe447c2140,19,Hot (11+ pairs)
7ffe447c2180,19,Hot (11+ pairs)
7ffe447c21c0,75,Hot (11+ pairs)
7ffe447c2200,39,Hot (11+ pairs)
7ffe447c2240,21,Hot (11+ pairs)
7ffe447c2280,40,Hot (11+ pairs)
7ffe447c22c0,45,Hot (11+ pairs)
7ffe447c2300,96,Hot (11+ pairs)
7ffe447c2340,150,Super Hot (top 1%)
7ffe447c2380,104,Hot (11+ pairs)
7ffe447c23c0,118,Super Hot (top 1%)
7ffe447c2400,82,Hot (11+ pairs)
7ffe447c2440,93,Hot (11+ pairs)
7ffe447c2480,82,Hot (11+ pairs)
7ffe447c24c0,95,Hot (11+ pairs)
7ffe447c2500,117,Hot (11+ pairs)
7ffe447c2540,100,Hot (11+ pairs)
7ffe447c2580,171,Super Hot (top 1%)
7ffe447c25c0,118,Super Hot (top 1%)
7ffe447c2600,109,Hot (11+ pairs)
7ffe447c2640,103,Hot (11+ pairs)
7ffe447c2680,46,Hot (11+ pairs)
7ffe447c26c0,72,Hot (11+ pairs)
7ffe447c2700,88,Hot (11+ pairs)
7ffe447c2740,95,Hot (11+ pairs)
7ffe447c2780,40,Hot (11+ pairs)
7ffe447c27c0,39,Hot (11+ pairs)
7ffe447c2800,84,Hot (11+ pairs)
7ffe447c2840,113,Hot (11+ pairs)
7ffe447c2880,137,Super Hot (top 1%)
7ffe447c28c0,251,Super Hot (top 1%)
7ffe447c2900,260,Super Hot (top 1%)
7ffe447c2940,352,Super Hot (top 1%)
7ffe447c2980,309,Super Hot (top 1%)
7ffe447c29c0,449,Super Hot (top 1%)
7ffe447c2a00,376,Super Hot (top 1%)
7ffe447c2a40,373,Super Hot (top 1%)
7ffe447c2a80,543,Super Hot (top 1%)
7ffe447c2ac0,345,Super Hot (top 1%)
7ffe447c2b00,1326,Super Hot (top 1%)
7ffe447c2b40,265,Super Hot (top 1%)
7ffe447c2b80,29,Hot (11+ pairs)
7ffe447c2bc0,72,Hot (11+ pairs)
7ffe447c2c00,31,Hot (11+ pairs)
7ffe447c2c40,22,Hot (11+ pairs)
7ffe447c2c80,33,Hot (11+ pairs)
7ffe447c2cc0,6,Warm (3-10 pairs)
7ffe447c2d00,18,Hot (11+ pairs)
7ffe447c2d80,2,Cold (1-2 pairs)
7ffe447c3000,1,Cold (1-2 pairs)
7ffe447c30c0,6,Warm (3-10 pairs)
7ffe447c3100,1,Cold (1-2 pairs)
7ffe447c31c0,4,Warm (3-10 pairs)
7ffe447c3200,7,Warm (3-10 pairs)
7ffe447c3240,6,Warm (3-10 pairs)
7ffe447c3280,2,Cold (1-2 pairs)
7ffe447c32c0,2,Cold (1-2 pairs)
7ffe447c3300,5,Warm (3-10 pairs)
7ffe447c3340,1,Cold (1-2 pairs)
7ffe447c3440,2,Cold (1-2 pairs)
7ffe447c3480,14,Hot (11+ pairs)
7ffe447c34c0,4,Warm (3-10 pairs)
7ffe447c3500,14,Hot (11+ pairs)
7ffe447c3540,4,Warm (3-10 pairs)
7ffe447c3580,1,Cold (1-2 pairs)
7ffe447c3840,3,Warm (3-10 pairs)
7ffe447c3880,4,Warm (3-10 pairs)
7ffe447c38c0,3,Warm (3-10 pairs)
7ffe447c3980,7,Warm (3-10 pairs)
7ffe447c39c0,2,Cold (1-2 pairs)
7ffe447c4b80,7,Warm (3-10 pairs)
7ffe447c4bc0,3,Warm (3-10 pairs)
7ffe447c4e00,3,Warm (3-10 pairs)
7ffe447fa080,5,Warm (3-10 pairs)
7ffe447fe000,1,Cold (1-2 pairs)
7ffe447fe040,5,Warm (3-10 pairs)
7ffe447fe080,4,Warm (3-10 pairs)
7ffe447fe0c0,5,Warm (3-10 pairs)
7ffe447fe140,2,Cold (1-2 pairs)
7ffe447fe180,2,Cold (1-2 pairs)
7ffe447fe1c0,3,Warm (3-10 pairs)
7ffe447fe200,2,Cold (1-2 pairs)
7ffe447fe240,1,Cold (1-2 pairs)
7ffe447fe280,6,Warm (3-10 pairs)
7ffe447fe2c0,1,Cold (1-2 pairs)
7ffe447fe300,6,Warm (3-10 pairs)
7ffe447fe340,9,Warm (3-10 pairs)
7ffe447fe380,4,Warm (3-10 pairs)
7ffe447fe3c0,9,Warm (3-10 pairs)
7ffe447fe400,6,Warm (3-10 pairs)
7ffe447fe440,3,Warm (3-10 pairs)
7ffe447fe480,1,Cold (1-2 pairs)
7ffe447fe500,7,Warm (3-10 pairs)
